Customer_ID,Customer_Name,Segment,Region_ID,City,State,Join_Date,Credit_Limit,Credit_Terms_Days,Status,Email
C00001,Sanjay Das,Retail,R007,Kolkata,West Bengal,2024-06-18,25000,30,Active,c00001@mail.com
C00002,Priya Rao,Retail,R004,Mumbai,Maharashtra,2025-04-07,250000,15,Active,c00002@mail.com
C00003,Nisha Kumar,Retail,R003,Hyderabad,Telangana,2022-10-27,500000,15,Active,c00003@mail.com
C00004,Anitha Rao,SMB,R006,Delhi,Delhi,2022-05-16,150000,60,Inactive,c00004@mail.com
C00005,Sneha Reddy,Retail,R003,Hyderabad,Telangana,2024-06-02,500000,60,Inactive,c00005@mail.com
C00006,Kavya Gupta,SMB,R004,Mumbai,Maharashtra,2022-04-21,100000,45,Active,c00006@mail.com
C00007,Arun Das,Enterprise,R005,Pune,Maharashtra,2024-10-19,150000,30,Active,c00007@mail.com
C00008,Anitha Gupta,Enterprise,R008,Jaipur,Rajasthan,2024-08-01,100000,45,Active,c00008@mail.com
C00009,Vijay Rao,Corporate,R005,Pune,Maharashtra,2021-08-07,50000,60,Inactive,c00009@mail.com
C00010,Surya Singh,Enterprise,R006,Delhi,Delhi,2021-02-14,500000,60,Active,c00010@mail.com
C00011,Surya Kumar,Corporate,R001,Bangalore,Karnataka,2025-09-02,75000,30,Inactive,c00011@mail.com
C00012,Meena Patel,Enterprise,R006,Delhi,Delhi,2024-10-20,500000,30,Active,c00012@mail.com
C00014,Sanjay Rao,SMB,R005,Pune,Maharashtra,2022-02-16,50000,45,Inactive,c00014@mail.com
C00015,Sneha Singh,Corporate,R005,Pune,Maharashtra,2026-06-05,500000,45,Active,c00015@mail.com
C00016,Manoj Sharma,SMB,R002,Chennai,Tamil Nadu,2025-03-25,50000,60,Inactive,c00016@mail.com
C00017,Priya Rao,Retail,R006,Delhi,Delhi,2022-06-26,150000,15,Active,c00017@mail.com
C00018,Ajay Gupta,Corporate,R006,Delhi,Delhi,2025-08-12,250000,45,Active,c00018@mail.com
C00019,Kavya Kumar,Enterprise,R004,Mumbai,Maharashtra,2026-02-18,150000,30,Active,c00019@mail.com
C00020,Nisha Rao,Retail,R008,Jaipur,Rajasthan,2021-10-14,25000,15,Active,c00020@mail.com
C00021,Divya Sharma,SMB,R008,Jaipur,Rajasthan,2025-12-23,150000,30,Active,c00021@mail.com
C00022,Anitha Iyer,Corporate,R008,Jaipur,Rajasthan,2024-04-17,250000,30,Active,c00022@mail.com
C00023,Kavya Gupta,Corporate,R002,Chennai,Tamil Nadu,2026-04-08,75000,15,Active,c00023@mail.com
C00024,Manoj Das,SMB,R004,Mumbai,Maharashtra,2025-10-18,75000,15,Active,c00024@mail.com
C00025,Karthik Rao,Enterprise,R006,Delhi,Delhi,2022-01-24,25000,60,Active,c00025@mail.com
C00026,Lakshmi Kumar,Retail,R004,Mumbai,Maharashtra,2025-05-31,75000,30,Active,c00026@mail.com
C00027,Priya Iyer,SMB,R004,Mumbai,Maharashtra,2024-04-15,50000,30,Active,c00027@mail.com
C00028,Lakshmi Kumar,Enterprise,R003,Hyderabad,Telangana,2025-10-25,50000,30,Inactive,c00028@mail.com
C00029,Sneha Sharma,Retail,R005,Pune,Maharashtra,2021-09-27,25000,45,Active,c00029@mail.com
C00030,Arun Reddy,Enterprise,R006,Delhi,Delhi,2021-04-18,50000,60,Inactive,c00030@mail.com
C00031,Priya Das,Corporate,R002,Chennai,Tamil Nadu,2025-05-13,75000,15,Active,c00031@mail.com
C00032,Lakshmi Kumar,Enterprise,R004,Mumbai,Maharashtra,2023-07-28,250000,15,Active,c00032@mail.com
C00033,Rohit Rao,Retail,R008,Jaipur,Rajasthan,2023-10-02,250000,60,Active,c00033@mail.com
C00034,Sanjay Gupta,SMB,R002,Chennai,Tamil Nadu,2021-05-15,50000,45,Inactive,c00034@mail.com
C00035,Rohit Gupta,Enterprise,R006,Delhi,Delhi,2023-07-19,150000,60,Active,c00035@mail.com
C00036,Asha Patel,Corporate,R002,Chennai,Tamil Nadu,2023-07-14,50000,60,Active,c00036@mail.com
C00037,Rohit Rao,Retail,R008,Jaipur,Rajasthan,2022-10-03,100000,45,Active,c00037@mail.com
C00038,Rahul Das,Retail,R006,Delhi,Delhi,2021-07-06,500000,15,Active,c00038@mail.com
C00039,Divya Nair,SMB,R007,Kolkata,West Bengal,2024-02-14,25000,45,Active,c00039@mail.com
C00040,Anitha Rao,Retail,R007,Kolkata,West Bengal,2026-06-07,75000,45,Active,c00040@mail.com
C00041,Surya Iyer,SMB,R002,Chennai,Tamil Nadu,2021-11-13,250000,60,Active,c00041@mail.com
C00042,Anitha Iyer,Enterprise,R002,Chennai,Tamil Nadu,2021-08-24,500000,45,Inactive,c00042@mail.com
C00043,Pooja Iyer,Retail,R004,Mumbai,Maharashtra,2024-06-01,250000,45,Active,c00043@mail.com
C00044,Ajay Singh,Enterprise,R003,Hyderabad,Telangana,2022-12-20,25000,30,Active,c00044@mail.com
C00045,Priya Reddy,Retail,R007,Kolkata,West Bengal,2021-07-07,250000,30,Active,c00045@mail.com
C00046,Manoj Nair,SMB,R007,Kolkata,West Bengal,2023-01-28,75000,45,Inactive,c00046@mail.com
C00047,Karthik Reddy,SMB,R002,Chennai,Tamil Nadu,2025-03-26,150000,15,Active,c00047@mail.com
C00048,Manoj Rao,Corporate,R005,Pune,Maharashtra,2024-05-28,100000,60,Active,c00048@mail.com
C00049,Deepak Sharma,Enterprise,R004,Mumbai,Maharashtra,2023-05-31,25000,45,Inactive,c00049@mail.com
C00050,Deepak Singh,Retail,R008,Jaipur,Rajasthan,2022-03-28,100000,15,Active,c00050@mail.com
C00052,Arun Das,Corporate,R002,Chennai,Tamil Nadu,2021-12-26,50000,60,Inactive,c00052@mail.com
C00053,Deepak Iyer,Enterprise,R004,Mumbai,Maharashtra,2021-05-28,100000,15,Active,c00053@mail.com
C00054,Manoj Sharma,Enterprise,R001,Bangalore,Karnataka,2024-03-25,100000,60,Active,c00054@mail.com
C00055,Divya Rao,Retail,R005,Pune,Maharashtra,2026-06-02,75000,30,Inactive,c00055@mail.com
C00056,Anitha Sharma,Corporate,R008,Jaipur,Rajasthan,2025-09-26,25000,30,Active,c00056@mail.com
C00057,Deepak Sharma,Corporate,R007,Kolkata,West Bengal,2025-11-18,75000,45,Active,c00057@mail.com
C00058,Sneha Sharma,Retail,R006,Delhi,Delhi,2023-12-23,150000,30,Active,c00058@mail.com
C00059,Rahul Patel,Retail,R006,Delhi,Delhi,2021-10-27,75000,30,Active,c00059@mail.com
C00060,Priya Reddy,Corporate,R003,Hyderabad,Telangana,2023-08-09,500000,60,Inactive,c00060@mail.com
C00061,Sanjay Reddy,Corporate,R006,Delhi,Delhi,2021-05-20,100000,60,Active,c00061@mail.com
C00062,Surya Kumar,Enterprise,R005,Pune,Maharashtra,2023-11-06,25000,45,Active,c00062@mail.com
C00063,Karthik Kumar,Enterprise,R008,Jaipur,Rajasthan,2025-08-31,75000,15,Active,c00063@mail.com
C00064,Manoj Gupta,Retail,R007,Kolkata,West Bengal,2023-07-11,500000,30,Active,c00064@mail.com
C00065,Deepak Reddy,Retail,R008,Jaipur,Rajasthan,2023-07-12,25000,45,Active,c00065@mail.com
C00066,Karthik Patel,Corporate,R003,Hyderabad,Telangana,2026-07-23,100000,30,Active,c00066@mail.com
C00067,Nisha Rao,Corporate,R006,Delhi,Delhi,2025-05-06,75000,15,Active,c00067@mail.com
C00068,Sanjay Sharma,Corporate,R002,Chennai,Tamil Nadu,2022-08-05,75000,30,Active,c00068@mail.com
C00069,Surya Reddy,Enterprise,R002,Chennai,Tamil Nadu,2022-09-28,250000,60,Active,c00069@mail.com
C00070,Nisha Iyer,Corporate,R002,Chennai,Tamil Nadu,2024-08-10,500000,45,Active,c00070@mail.com
C00071,Pooja Iyer,Enterprise,R002,Chennai,Tamil Nadu,2021-02-07,75000,45,Active,c00071@mail.com
C00072,Sanjay Das,SMB,R004,Mumbai,Maharashtra,2022-04-09,50000,30,Active,c00072@mail.com
C00073,Divya Iyer,Retail,R005,Pune,Maharashtra,2024-09-17,75000,30,Inactive,c00073@mail.com
C00074,Rahul Reddy,SMB,R007,Kolkata,West Bengal,2025-08-30,250000,30,Active,c00074@mail.com
C00075,Pooja Nair,SMB,R001,Bangalore,Karnataka,2026-06-09,100000,45,Active,c00075@mail.com
C00076,Asha Patel,Enterprise,R004,Mumbai,Maharashtra,2026-06-01,500000,60,Active,c00076@mail.com
C00077,Surya Das,Corporate,R006,Delhi,Delhi,2025-04-25,75000,60,Inactive,c00077@mail.com
C00078,Sneha Patel,SMB,R007,Kolkata,West Bengal,2025-11-23,75000,15,Active,c00078@mail.com
C00079,Asha Sharma,Retail,R006,Delhi,Delhi,2022-08-07,25000,30,Active,c00079@mail.com
C00080,Deepak Reddy,Corporate,R008,Jaipur,Rajasthan,2021-07-07,50000,60,Active,c00080@mail.com
C00081,Pooja Kumar,Corporate,R001,Bangalore,Karnataka,2023-10-26,75000,30,Active,c00081@mail.com
C00082,Anitha Patel,Retail,R002,Chennai,Tamil Nadu,2022-10-15,25000,45,Active,c00082@mail.com
C00083,Karthik Singh,Corporate,R003,Hyderabad,Telangana,2024-11-26,500000,30,Active,c00083@mail.com
C00084,Lakshmi Kumar,Retail,R008,Jaipur,Rajasthan,2021-02-08,75000,30,Active,c00084@mail.com
C00085,Divya Singh,SMB,R007,Kolkata,West Bengal,2022-09-09,25000,15,Active,c00085@mail.com
C00086,Lakshmi Das,Retail,R007,Kolkata,West Bengal,2021-08-16,500000,60,Inactive,c00086@mail.com
C00087,Deepak Gupta,SMB,R001,Bangalore,Karnataka,2025-01-11,50000,45,Active,c00087@mail.com
C00089,Priya Iyer,Retail,R006,Delhi,Delhi,2023-03-11,500000,60,Active,c00089@mail.com
C00090,Anitha Singh,Retail,R007,Kolkata,West Bengal,2023-01-02,500000,15,Active,c00090@mail.com
C00091,Divya Gupta,Enterprise,R004,Mumbai,Maharashtra,2021-10-01,25000,45,Inactive,c00091@mail.com
C00092,Sneha Das,Corporate,R006,Delhi,Delhi,2024-07-17,50000,30,Active,c00092@mail.com
C00093,Karthik Singh,SMB,R008,Jaipur,Rajasthan,2021-03-31,500000,30,Active,c00093@mail.com
C00094,Nisha Iyer,Corporate,R006,Delhi,Delhi,2026-07-19,500000,60,Active,c00094@mail.com
C00095,Vijay Singh,Enterprise,R001,Bangalore,Karnataka,2025-11-01,500000,15,Active,c00095@mail.com
C00096,Divya Nair,Corporate,R005,Pune,Maharashtra,2025-12-27,100000,60,Active,c00096@mail.com
C00097,Sneha Das,Corporate,R006,Delhi,Delhi,2023-01-23,500000,45,Active,c00097@mail.com
C00098,Priya Rao,SMB,R007,Kolkata,West Bengal,2024-01-23,75000,45,Active,c00098@mail.com
C00099,Sanjay Singh,Enterprise,R002,Chennai,Tamil Nadu,2023-07-03,150000,60,Active,c00099@mail.com
C00100,Anitha Das,Retail,R008,Jaipur,Rajasthan,2025-01-28,500000,45,Inactive,c00100@mail.com
C00101,Ajay Kumar,Retail,R007,Kolkata,West Bengal,2024-10-06,250000,60,Active,c00101@mail.com
C00102,Arun Reddy,Corporate,R003,Hyderabad,Telangana,2021-03-13,50000,15,Active,c00102@mail.com
C00103,Anitha Rao,Retail,R006,Delhi,Delhi,2024-05-24,50000,60,Active,c00103@mail.com
C00104,Manoj Sharma,SMB,R006,Delhi,Delhi,2023-12-21,75000,60,Active,c00104@mail.com
C00105,Meena Sharma,Retail,R005,Pune,Maharashtra,2025-02-15,50000,60,Inactive,c00105@mail.com
C00106,Asha Sharma,Enterprise,R007,Kolkata,West Bengal,2025-05-07,75000,60,Active,c00106@mail.com
C00107,Kavya Patel,Retail,R005,Pune,Maharashtra,2021-10-05,500000,15,Active,c00107@mail.com
C00108,Manoj Sharma,Enterprise,R003,Hyderabad,Telangana,2024-09-29,75000,15,Inactive,c00108@mail.com
C00109,Nisha Reddy,SMB,R005,Pune,Maharashtra,2025-06-14,75000,30,Active,c00109@mail.com
C00110,Rahul Patel,Corporate,R004,Mumbai,Maharashtra,2021-02-23,75000,45,Active,c00110@mail.com
C00111,Lakshmi Sharma,Retail,R003,Hyderabad,Telangana,2022-09-26,100000,60,Inactive,c00111@mail.com
C00112,Pooja Gupta,Retail,R007,Kolkata,West Bengal,2021-09-14,75000,15,Active,c00112@mail.com
C00113,Deepak Nair,SMB,R008,Jaipur,Rajasthan,2025-12-04,500000,30,Active,c00113@mail.com
C00114,Deepak Kumar,Retail,R007,Kolkata,West Bengal,2023-11-28,50000,45,Active,c00114@mail.com
C00115,Sanjay Patel,Enterprise,R003,Hyderabad,Telangana,2026-04-25,150000,45,Active,c00115@mail.com
C00116,Vijay Iyer,Enterprise,R005,Pune,Maharashtra,2021-09-14,250000,45,Inactive,c00116@mail.com
C00117,Deepak Reddy,SMB,R002,Chennai,Tamil Nadu,2021-12-17,250000,45,Inactive,c00117@mail.com
C00118,Arun Sharma,Retail,R001,Bangalore,Karnataka,2026-04-27,250000,45,Active,c00118@mail.com
C00119,Lakshmi Kumar,Corporate,R007,Kolkata,West Bengal,2025-12-26,250000,45,Active,c00119@mail.com
C00120,Meena Rao,Enterprise,R008,Jaipur,Rajasthan,2023-07-18,25000,15,Active,c00120@mail.com
C00121,Pooja Das,Corporate,R008,Jaipur,Rajasthan,2022-02-22,75000,30,Active,c00121@mail.com
C00122,Anitha Rao,SMB,R006,Delhi,Delhi,2025-04-07,75000,15,Active,c00122@mail.com
C00123,Manoj Sharma,Enterprise,R004,Mumbai,Maharashtra,2023-07-10,50000,30,Active,c00123@mail.com
C00124,Nisha Rao,Corporate,R001,Bangalore,Karnataka,2022-05-24,500000,30,Active,c00124@mail.com
C00125,Vijay Reddy,Corporate,R006,Delhi,Delhi,2023-11-21,100000,60,Active,c00125@mail.com
C00126,Arun Sharma,Corporate,R008,Jaipur,Rajasthan,2023-11-02,100000,30,Active,c00126@mail.com
C00127,Karthik Kumar,Enterprise,R006,Delhi,Delhi,2023-10-11,150000,60,Active,c00127@mail.com
C00128,Divya Rao,SMB,R001,Bangalore,Karnataka,2025-12-13,75000,45,Active,c00128@mail.com
C00129,Karthik Rao,Retail,R006,Delhi,Delhi,2024-03-13,150000,30,Active,c00129@mail.com
C00130,Priya Rao,Corporate,R005,Pune,Maharashtra,2025-04-15,150000,45,Inactive,c00130@mail.com
C00131,Rahul Sharma,Corporate,R002,Chennai,Tamil Nadu,2023-02-04,500000,45,Inactive,c00131@mail.com
C00132,Rahul Patel,Corporate,R006,Delhi,Delhi,2023-10-22,25000,15,Active,c00132@mail.com
C00133,Sanjay Das,Corporate,R003,Hyderabad,Telangana,2021-11-02,150000,30,Active,c00133@mail.com
C00134,Sneha Rao,Enterprise,R006,Delhi,Delhi,2024-04-30,75000,60,Inactive,c00134@mail.com
C00135,Kavya Kumar,Enterprise,R005,Pune,Maharashtra,2022-11-10,250000,15,Active,c00135@mail.com
C00136,Arun Gupta,Corporate,R005,Pune,Maharashtra,2022-06-28,250000,30,Active,c00136@mail.com
C00137,Sneha Iyer,Corporate,R008,Jaipur,Rajasthan,2021-10-30,500000,30,Active,c00137@mail.com
C00138,Vijay Kumar,Corporate,R002,Chennai,Tamil Nadu,2022-10-05,100000,30,Active,c00138@mail.com
C00139,Pooja Iyer,Corporate,R004,Mumbai,Maharashtra,2025-11-23,500000,15,Active,c00139@mail.com
C00140,Asha Nair,Corporate,R004,Mumbai,Maharashtra,2023-12-13,100000,45,Active,c00140@mail.com
C00141,Asha Nair,Enterprise,R008,Jaipur,Rajasthan,2024-10-16,500000,45,Inactive,c00141@mail.com
C00142,Vijay Patel,Enterprise,R008,Jaipur,Rajasthan,2024-02-17,75000,30,Active,c00142@mail.com
C00143,Vijay Das,Enterprise,R005,Pune,Maharashtra,2023-09-10,75000,45,Active,c00143@mail.com
C00144,Surya Iyer,Corporate,R002,Chennai,Tamil Nadu,2026-01-09,100000,45,Active,c00144@mail.com
C00145,Karthik Singh,Retail,R005,Pune,Maharashtra,2022-12-11,100000,45,Active,c00145@mail.com
C00146,Vijay Iyer,Enterprise,R004,Mumbai,Maharashtra,2026-03-26,150000,45,Active,c00146@mail.com
C00147,Lakshmi Gupta,SMB,R002,Chennai,Tamil Nadu,2022-05-12,25000,30,Active,c00147@mail.com
C00148,Divya Rao,Enterprise,R001,Bangalore,Karnataka,2025-01-09,100000,15,Active,c00148@mail.com
C00149,Asha Reddy,Corporate,R001,Bangalore,Karnataka,2024-08-30,100000,60,Active,c00149@mail.com
C00150,Sanjay Singh,Retail,R005,Pune,Maharashtra,2026-02-03,500000,15,Inactive,c00150@mail.com
C00151,Asha Kumar,SMB,R004,Mumbai,Maharashtra,2023-05-06,500000,30,Active,c00151@mail.com
C00152,Kavya Reddy,Enterprise,R007,Kolkata,West Bengal,2025-12-01,25000,15,Active,c00152@mail.com
C00153,Sanjay Singh,Corporate,R002,Chennai,Tamil Nadu,2026-07-19,250000,60,Active,c00153@mail.com
C00154,Ajay Patel,Retail,R008,Jaipur,Rajasthan,2022-11-09,50000,60,Active,c00154@mail.com
C00155,Arun Nair,Enterprise,R003,Hyderabad,Telangana,2024-03-08,250000,30,Active,c00155@mail.com
C00156,Pooja Iyer,Enterprise,R007,Kolkata,West Bengal,2021-06-27,100000,15,Active,c00156@mail.com
C00157,Kavya Nair,SMB,R003,Hyderabad,Telangana,2021-01-14,75000,60,Active,c00157@mail.com
C00158,Ajay Nair,Enterprise,R008,Jaipur,Rajasthan,2024-04-07,250000,15,Active,c00158@mail.com
C00159,Meena Kumar,Retail,R006,Delhi,Delhi,2023-08-12,75000,30,Active,c00159@mail.com
C00160,Divya Singh,Enterprise,R005,Pune,Maharashtra,2024-06-12,50000,30,Active,c00160@mail.com
C00161,Rahul Das,Enterprise,R008,Jaipur,Rajasthan,2023-05-02,250000,60,Inactive,c00161@mail.com
C00162,Meena Gupta,Retail,R004,Mumbai,Maharashtra,2023-12-13,100000,45,Active,c00162@mail.com
C00163,Karthik Iyer,SMB,R002,Chennai,Tamil Nadu,2024-03-18,150000,30,Active,c00163@mail.com
C00164,Deepak Das,Retail,R006,Delhi,Delhi,2024-10-25,50000,60,Active,c00164@mail.com
C00165,Karthik Das,SMB,R008,Jaipur,Rajasthan,2023-11-18,100000,60,Inactive,c00165@mail.com
C00166,Asha Das,Enterprise,R001,Bangalore,Karnataka,2025-01-21,25000,60,Active,c00166@mail.com
C00167,Vijay Gupta,Retail,R001,Bangalore,Karnataka,2021-04-03,100000,45,Active,c00167@mail.com
C00168,Priya Das,Retail,R001,Bangalore,Karnataka,2022-08-11,100000,30,Active,c00168@mail.com
C00169,Anitha Rao,Corporate,R007,Kolkata,West Bengal,2025-11-16,100000,60,Active,c00169@mail.com
C00170,Anitha Sharma,SMB,R003,Hyderabad,Telangana,2026-07-27,150000,60,Inactive,c00170@mail.com
C00171,Meena Kumar,Retail,R003,Hyderabad,Telangana,2026-06-27,75000,60,Inactive,c00171@mail.com
C00172,Asha Rao,SMB,R007,Kolkata,West Bengal,2022-05-22,100000,45,Active,c00172@mail.com
C00173,Vijay Sharma,Retail,R005,Pune,Maharashtra,2025-07-16,250000,60,Inactive,c00173@mail.com
C00174,Meena Patel,Retail,R001,Bangalore,Karnataka,2021-07-26,150000,15,Active,c00174@mail.com
C00175,Meena Kumar,Corporate,R001,Bangalore,Karnataka,2023-06-18,50000,30,Active,c00175@mail.com
C00176,Deepak Singh,SMB,R003,Hyderabad,Telangana,2025-07-29,250000,45,Inactive,c00176@mail.com
C00177,Meena Singh,SMB,R006,Delhi,Delhi,2026-07-12,250000,30,Active,c00177@mail.com
C00178,Ajay Kumar,SMB,R005,Pune,Maharashtra,2024-07-06,250000,60,Inactive,c00178@mail.com
C00179,Karthik Nair,Corporate,R008,Jaipur,Rajasthan,2025-05-29,150000,45,Active,c00179@mail.com
C00180,Rahul Singh,Corporate,R007,Kolkata,West Bengal,2022-01-12,500000,60,Active,c00180@mail.com
C00181,Nisha Reddy,Corporate,R004,Mumbai,Maharashtra,2026-02-17,25000,60,Active,c00181@mail.com
C00182,Rohit Patel,Enterprise,R003,Hyderabad,Telangana,2022-02-21,75000,15,Active,c00182@mail.com
C00183,Priya Iyer,SMB,R006,Delhi,Delhi,2021-04-16,75000,60,Inactive,c00183@mail.com
C00184,Priya Patel,SMB,R001,Bangalore,Karnataka,2023-09-09,50000,45,Active,c00184@mail.com
C00185,Vijay Patel,Retail,R001,Bangalore,Karnataka,2025-03-10,500000,60,Active,c00185@mail.com
C00186,Rohit Patel,Enterprise,R004,Mumbai,Maharashtra,2025-05-08,75000,60,Active,c00186@mail.com
C00187,Nisha Singh,Enterprise,R006,Delhi,Delhi,2023-11-17,100000,60,Active,c00187@mail.com
C00188,Sanjay Patel,Enterprise,R008,Jaipur,Rajasthan,2022-10-03,100000,15,Inactive,c00188@mail.com
C00189,Rahul Kumar,Enterprise,R004,Mumbai,Maharashtra,2024-02-08,150000,60,Active,c00189@mail.com
C00190,Vijay Nair,SMB,R003,Hyderabad,Telangana,2023-02-17,150000,30,Active,c00190@mail.com
C00191,Ajay Das,Corporate,R006,Delhi,Delhi,2023-08-02,50000,45,Active,c00191@mail.com
C00192,Asha Das,SMB,R003,Hyderabad,Telangana,2026-02-21,150000,15,Inactive,c00192@mail.com
C00193,Priya Kumar,Retail,R001,Bangalore,Karnataka,2023-04-25,50000,30,Active,c00193@mail.com
C00194,Arun Patel,Corporate,R003,Hyderabad,Telangana,2023-02-04,25000,60,Active,c00194@mail.com
C00195,Arun Iyer,Corporate,R001,Bangalore,Karnataka,2021-01-25,25000,45,Inactive,c00195@mail.com
C00196,Arun Iyer,Corporate,R005,Pune,Maharashtra,2025-07-10,50000,15,Active,c00196@mail.com
C00197,Meena Patel,Enterprise,R003,Hyderabad,Telangana,2025-07-28,75000,45,Active,c00197@mail.com
C00198,Anitha Rao,Corporate,R002,Chennai,Tamil Nadu,2024-03-03,50000,30,Active,c00198@mail.com
C00199,Karthik Sharma,Corporate,R002,Chennai,Tamil Nadu,2023-02-16,100000,60,Active,c00199@mail.com
C00200,Sneha Sharma,Corporate,R001,Bangalore,Karnataka,2025-09-28,100000,45,Inactive,c00200@mail.com
C00201,Deepak Kumar,SMB,R002,Chennai,Tamil Nadu,2022-03-09,500000,60,Active,c00201@mail.com
C00202,Priya Singh,Retail,R001,Bangalore,Karnataka,2022-01-03,500000,45,Active,c00202@mail.com
C00203,Surya Reddy,Corporate,R004,Mumbai,Maharashtra,2026-03-18,25000,45,Active,c00203@mail.com
C00204,Surya Rao,Enterprise,R004,Mumbai,Maharashtra,2023-02-26,500000,30,Active,c00204@mail.com
C00205,Karthik Sharma,Corporate,R006,Delhi,Delhi,2022-04-21,500000,15,Active,c00205@mail.com
C00206,Sanjay Kumar,Enterprise,R007,Kolkata,West Bengal,2025-05-24,100000,60,Active,c00206@mail.com
C00207,Asha Rao,Corporate,R006,Delhi,Delhi,2022-01-16,250000,60,Active,c00207@mail.com
C00208,Meena Sharma,Retail,R005,Pune,Maharashtra,2022-07-03,50000,60,Active,c00208@mail.com
C00209,Sanjay Nair,Retail,R007,Kolkata,West Bengal,2021-07-07,25000,45,Active,c00209@mail.com
C00210,Ajay Sharma,SMB,R006,Delhi,Delhi,2021-06-28,50000,60,Active,c00210@mail.com
C00211,Divya Kumar,Retail,R007,Kolkata,West Bengal,2022-12-26,150000,15,Inactive,c00211@mail.com
C00212,Rohit Kumar,Enterprise,R006,Delhi,Delhi,2023-04-28,100000,15,Inactive,c00212@mail.com
C00213,Surya Iyer,SMB,R004,Mumbai,Maharashtra,2024-11-04,100000,30,Active,c00213@mail.com
C00214,Nisha Singh,Corporate,R005,Pune,Maharashtra,2021-10-26,25000,30,Active,c00214@mail.com
C00215,Pooja Singh,Corporate,R005,Pune,Maharashtra,2025-05-22,25000,45,Active,c00215@mail.com
C00216,Kavya Gupta,SMB,R004,Mumbai,Maharashtra,2023-07-27,25000,30,Active,c00216@mail.com
C00217,Rohit Nair,Corporate,R001,Bangalore,Karnataka,2025-07-05,500000,45,Active,c00217@mail.com
C00218,Pooja Gupta,SMB,R006,Delhi,Delhi,2022-09-08,75000,30,Active,c00218@mail.com
C00219,Sneha Rao,Enterprise,R006,Delhi,Delhi,2022-08-20,250000,60,Inactive,c00219@mail.com
C00220,Sanjay Rao,Enterprise,R004,Mumbai,Maharashtra,2025-07-31,500000,60,Active,c00220@mail.com
C00221,Surya Patel,SMB,R002,Chennai,Tamil Nadu,2024-10-28,500000,15,Active,c00221@mail.com
C00222,Manoj Singh,Retail,R004,Mumbai,Maharashtra,2025-08-05,500000,60,Active,c00222@mail.com
C00223,Nisha Patel,Enterprise,R003,Hyderabad,Telangana,2024-09-10,50000,60,Active,c00223@mail.com
C00224,Manoj Gupta,Corporate,R002,Chennai,Tamil Nadu,2024-04-07,100000,60,Inactive,c00224@mail.com
C00225,Anitha Iyer,Retail,R001,Bangalore,Karnataka,2021-08-12,500000,30,Active,c00225@mail.com
C00226,Lakshmi Kumar,Corporate,R003,Hyderabad,Telangana,2026-06-04,500000,45,Active,c00226@mail.com
C00227,Arun Sharma,Enterprise,R002,Chennai,Tamil Nadu,2022-03-31,150000,30,Active,c00227@mail.com
C00228,Rohit Das,SMB,R006,Delhi,Delhi,2022-12-08,25000,60,Active,c00228@mail.com
C00229,Pooja Sharma,Retail,R005,Pune,Maharashtra,2025-08-30,250000,30,Active,c00229@mail.com
C00230,Sanjay Das,SMB,R005,Pune,Maharashtra,2023-12-04,100000,45,Active,c00230@mail.com
C00231,Manoj Das,Enterprise,R002,Chennai,Tamil Nadu,2021-05-18,75000,15,Active,c00231@mail.com
C00232,Sanjay Sharma,SMB,R001,Bangalore,Karnataka,2026-03-20,250000,30,Inactive,c00232@mail.com
C00233,Asha Reddy,Enterprise,R003,Hyderabad,Telangana,2024-02-21,100000,60,Active,c00233@mail.com
C00234,Sneha Reddy,Corporate,R007,Kolkata,West Bengal,2023-03-22,25000,30,Active,c00234@mail.com
C00235,Rohit Kumar,SMB,R007,Kolkata,West Bengal,2022-02-26,75000,15,Inactive,c00235@mail.com
C00236,Asha Reddy,Enterprise,R002,Chennai,Tamil Nadu,2022-10-30,50000,60,Active,c00236@mail.com
C00237,Kavya Iyer,Enterprise,R005,Pune,Maharashtra,2024-05-07,100000,60,Inactive,c00237@mail.com
C00238,Anitha Nair,Corporate,R002,Chennai,Tamil Nadu,2024-06-18,50000,45,Inactive,c00238@mail.com
C00239,Rahul Nair,Retail,R002,Chennai,Tamil Nadu,2022-05-04,75000,15,Active,c00239@mail.com
C00240,Rahul Iyer,Corporate,R006,Delhi,Delhi,2023-05-07,150000,30,Inactive,c00240@mail.com
C00241,Pooja Reddy,Corporate,R007,Kolkata,West Bengal,2024-07-25,150000,30,Inactive,c00241@mail.com
C00242,Kavya Singh,SMB,R003,Hyderabad,Telangana,2022-01-19,75000,60,Inactive,c00242@mail.com
C00243,Anitha Kumar,Corporate,R001,Bangalore,Karnataka,2021-10-07,50000,60,Inactive,c00243@mail.com
C00244,Pooja Das,Corporate,R008,Jaipur,Rajasthan,2024-12-25,500000,60,Active,c00244@mail.com
C00245,Priya Gupta,Retail,R003,Hyderabad,Telangana,2025-06-18,500000,30,Active,c00245@mail.com
C00246,Ajay Patel,Enterprise,R001,Bangalore,Karnataka,2021-12-11,500000,60,Inactive,c00246@mail.com
C00247,Asha Iyer,Retail,R008,Jaipur,Rajasthan,2024-03-18,25000,45,Inactive,c00247@mail.com
C00248,Asha Kumar,Corporate,R006,Delhi,Delhi,2024-01-24,50000,60,Active,c00248@mail.com
C00249,Nisha Kumar,Corporate,R004,Mumbai,Maharashtra,2022-06-23,75000,15,Active,c00249@mail.com
C00250,Meena Patel,Enterprise,R002,Chennai,Tamil Nadu,2025-10-30,250000,60,Active,c00250@mail.com
C00251,Vijay Patel,Retail,R003,Hyderabad,Telangana,2024-03-13,75000,45,Inactive,c00251@mail.com
C00252,Sanjay Singh,Enterprise,R003,Hyderabad,Telangana,2024-03-18,75000,15,Active,c00252@mail.com
C00253,Karthik Singh,SMB,R007,Kolkata,West Bengal,2024-12-07,500000,30,Active,c00253@mail.com
C00254,Sanjay Patel,Corporate,R003,Hyderabad,Telangana,2023-09-30,50000,45,Active,c00254@mail.com
C00255,Manoj Sharma,Retail,R007,Kolkata,West Bengal,2023-04-06,150000,45,Active,c00255@mail.com
C00256,Kavya Nair,Retail,R008,Jaipur,Rajasthan,2025-11-15,500000,15,Active,c00256@mail.com
C00257,Priya Iyer,Corporate,R006,Delhi,Delhi,2022-03-23,100000,30,Active,c00257@mail.com
C00258,Sanjay Singh,Enterprise,R005,Pune,Maharashtra,2024-01-26,150000,30,Inactive,c00258@mail.com
C00259,Sanjay Kumar,Retail,R008,Jaipur,Rajasthan,2021-07-23,250000,60,Active,c00259@mail.com
C00260,Sneha Das,Corporate,R002,Chennai,Tamil Nadu,2021-01-02,100000,30,Active,c00260@mail.com
C00261,Sneha Singh,Retail,R005,Pune,Maharashtra,2024-09-02,75000,45,Active,c00261@mail.com
C00262,Sneha Kumar,Corporate,R006,Delhi,Delhi,2024-07-05,75000,30,Active,c00262@mail.com
C00263,Divya Kumar,SMB,R002,Chennai,Tamil Nadu,2023-09-04,25000,30,Inactive,c00263@mail.com
C00264,Deepak Das,Retail,R004,Mumbai,Maharashtra,2021-01-17,250000,45,Active,c00264@mail.com
C00265,Rahul Das,Retail,R007,Kolkata,West Bengal,2022-04-14,100000,15,Active,c00265@mail.com
C00266,Sanjay Nair,Enterprise,R002,Chennai,Tamil Nadu,2021-10-08,100000,30,Active,c00266@mail.com
C00267,Deepak Gupta,Retail,R002,Chennai,Tamil Nadu,2024-06-03,250000,30,Active,c00267@mail.com
C00268,Vijay Reddy,Corporate,R006,Delhi,Delhi,2024-06-15,250000,60,Active,c00268@mail.com
C00269,Divya Reddy,Retail,R002,Chennai,Tamil Nadu,2024-04-22,250000,60,Active,c00269@mail.com
C00270,Sanjay Reddy,SMB,R007,Kolkata,West Bengal,2022-07-22,250000,15,Active,c00270@mail.com
C00271,Arun Singh,SMB,R005,Pune,Maharashtra,2023-11-27,150000,30,Active,c00271@mail.com
C00272,Karthik Patel,Corporate,R005,Pune,Maharashtra,2023-03-02,25000,30,Active,c00272@mail.com
C00273,Deepak Kumar,Enterprise,R002,Chennai,Tamil Nadu,2026-03-28,75000,30,Active,c00273@mail.com
C00274,Anitha Iyer,SMB,R007,Kolkata,West Bengal,2025-04-12,100000,15,Active,c00274@mail.com
C00275,Arun Singh,SMB,R002,Chennai,Tamil Nadu,2021-03-23,25000,60,Inactive,c00275@mail.com
C00276,Deepak Rao,Corporate,R005,Pune,Maharashtra,2024-12-08,100000,15,Inactive,c00276@mail.com
C00277,Ajay Sharma,Enterprise,R003,Hyderabad,Telangana,2021-06-11,150000,30,Active,c00277@mail.com
C00278,Rohit Gupta,Retail,R006,Delhi,Delhi,2022-09-28,250000,60,Active,c00278@mail.com
C00279,Meena Sharma,Corporate,R001,Bangalore,Karnataka,2021-08-26,100000,15,Active,c00279@mail.com
C00280,Divya Kumar,SMB,R003,Hyderabad,Telangana,2024-12-07,25000,30,Active,c00280@mail.com
C00281,Deepak Iyer,Enterprise,R006,Delhi,Delhi,2021-12-08,75000,30,Active,c00281@mail.com
C00282,Arun Nair,Corporate,R002,Chennai,Tamil Nadu,2022-07-12,150000,15,Active,c00282@mail.com
C00283,Kavya Das,Enterprise,R002,Chennai,Tamil Nadu,2021-04-24,100000,30,Active,c00283@mail.com
C00284,Ajay Sharma,Retail,R003,Hyderabad,Telangana,2022-04-13,250000,15,Active,c00284@mail.com
C00285,Meena Kumar,Corporate,R001,Bangalore,Karnataka,2023-01-16,100000,30,Active,c00285@mail.com
C00286,Asha Rao,SMB,R001,Bangalore,Karnataka,2022-10-22,50000,60,Active,c00286@mail.com
C00287,Priya Gupta,Enterprise,R005,Pune,Maharashtra,2021-09-02,150000,15,Active,c00287@mail.com
C00288,Deepak Kumar,Corporate,R004,Mumbai,Maharashtra,2021-05-22,100000,45,Active,c00288@mail.com
C00289,Priya Iyer,Corporate,R006,Delhi,Delhi,2021-01-17,75000,30,Active,c00289@mail.com
C00290,Lakshmi Patel,Corporate,R005,Pune,Maharashtra,2023-01-25,150000,60,Active,c00290@mail.com
C00291,Rahul Kumar,Corporate,R004,Mumbai,Maharashtra,2021-02-18,50000,45,Active,c00291@mail.com
C00292,Arun Rao,Enterprise,R006,Delhi,Delhi,2021-08-01,50000,30,Active,c00292@mail.com
C00293,Karthik Reddy,Enterprise,R008,Jaipur,Rajasthan,2021-07-10,25000,30,Inactive,c00293@mail.com
C00294,Anitha Das,Retail,R007,Kolkata,West Bengal,2024-04-04,25000,30,Active,c00294@mail.com
C00295,Surya Gupta,Retail,R002,Chennai,Tamil Nadu,2023-06-10,250000,30,Active,c00295@mail.com
C00296,Ajay Nair,Corporate,R005,Pune,Maharashtra,2024-12-06,500000,45,Active,c00296@mail.com
C00297,Ajay Patel,Retail,R008,Jaipur,Rajasthan,2026-04-17,50000,30,Inactive,c00297@mail.com
C00298,Rahul Sharma,SMB,R002,Chennai,Tamil Nadu,2023-07-10,100000,45,Active,c00298@mail.com
C00299,Asha Nair,SMB,R002,Chennai,Tamil Nadu,2023-07-15,75000,60,Active,c00299@mail.com
C00300,Priya Reddy,Enterprise,R002,Chennai,Tamil Nadu,2025-08-20,250000,15,Active,c00300@mail.com
C00301,Rahul Sharma,SMB,R006,Delhi,Delhi,2026-06-07,75000,60,Inactive,c00301@mail.com
C00302,Nisha Singh,SMB,R001,Bangalore,Karnataka,2021-03-05,100000,60,Inactive,c00302@mail.com
C00303,Divya Das,Retail,R004,Mumbai,Maharashtra,2025-07-05,500000,30,Active,c00303@mail.com
C00304,Karthik Patel,SMB,R001,Bangalore,Karnataka,2022-02-10,500000,60,Active,c00304@mail.com
C00305,Surya Gupta,Enterprise,R002,Chennai,Tamil Nadu,2026-02-22,500000,15,Active,c00305@mail.com
C00306,Vijay Das,SMB,R002,Chennai,Tamil Nadu,2021-07-08,500000,45,Active,c00306@mail.com
C00307,Manoj Kumar,SMB,R001,Bangalore,Karnataka,2026-03-08,150000,60,Active,c00307@mail.com
C00308,Arun Rao,Corporate,R008,Jaipur,Rajasthan,2021-12-20,75000,30,Active,c00308@mail.com
C00309,Ajay Das,SMB,R005,Pune,Maharashtra,2021-03-12,150000,30,Active,c00309@mail.com
C00310,Pooja Iyer,Corporate,R008,Jaipur,Rajasthan,2021-05-05,25000,45,Active,c00310@mail.com
C00311,Pooja Patel,SMB,R003,Hyderabad,Telangana,2024-07-15,500000,15,Active,c00311@mail.com
C00312,Kavya Iyer,Corporate,R006,Delhi,Delhi,2022-12-06,150000,45,Active,c00312@mail.com
C00313,Sneha Kumar,Enterprise,R005,Pune,Maharashtra,2024-05-07,50000,15,Active,c00313@mail.com
C00314,Kavya Iyer,Enterprise,R001,Bangalore,Karnataka,2025-04-20,150000,30,Active,c00314@mail.com
C00315,Meena Patel,Enterprise,R002,Chennai,Tamil Nadu,2023-12-29,500000,15,Active,c00315@mail.com
C00316,Anitha Reddy,SMB,R007,Kolkata,West Bengal,2022-04-30,150000,45,Active,c00316@mail.com
C00317,Anitha Gupta,SMB,R001,Bangalore,Karnataka,2024-02-28,50000,60,Inactive,c00317@mail.com
C00318,Sneha Das,Retail,R005,Pune,Maharashtra,2021-07-04,25000,30,Inactive,c00318@mail.com
C00319,Arun Iyer,Corporate,R004,Mumbai,Maharashtra,2021-01-02,75000,30,Active,c00319@mail.com
C00320,Sneha Nair,Retail,R006,Delhi,Delhi,2021-02-14,50000,30,Active,c00320@mail.com
C00321,Priya Nair,Corporate,R006,Delhi,Delhi,2024-04-15,25000,45,Active,c00321@mail.com
C00322,Rahul Reddy,Corporate,R006,Delhi,Delhi,2025-06-10,250000,60,Active,c00322@mail.com
C00323,Asha Gupta,Enterprise,R003,Hyderabad,Telangana,2022-04-03,250000,30,Active,c00323@mail.com
C00324,Nisha Reddy,SMB,R005,Pune,Maharashtra,2025-02-01,25000,60,Inactive,c00324@mail.com
C00325,Sneha Gupta,Enterprise,R001,Bangalore,Karnataka,2026-03-02,500000,30,Inactive,c00325@mail.com
C00326,Kavya Reddy,Enterprise,R002,Chennai,Tamil Nadu,2025-03-07,25000,30,Active,c00326@mail.com
C00327,Sneha Sharma,Enterprise,R006,Delhi,Delhi,2023-07-04,25000,45,Active,c00327@mail.com
C00328,Priya Nair,Enterprise,R004,Mumbai,Maharashtra,2025-05-31,25000,15,Active,c00328@mail.com
C00329,Manoj Rao,SMB,R007,Kolkata,West Bengal,2025-12-17,100000,60,Active,c00329@mail.com
C00330,Asha Rao,Retail,R006,Delhi,Delhi,2025-08-25,100000,30,Active,c00330@mail.com
C00331,Priya Kumar,Enterprise,R008,Jaipur,Rajasthan,2021-02-11,75000,45,Active,c00331@mail.com
C00332,Sanjay Reddy,Corporate,R002,Chennai,Tamil Nadu,2021-11-26,250000,15,Inactive,c00332@mail.com
C00333,Sanjay Gupta,Corporate,R002,Chennai,Tamil Nadu,2024-12-13,25000,60,Active,c00333@mail.com
C00334,Sneha Kumar,Retail,R007,Kolkata,West Bengal,2022-11-10,50000,30,Active,c00334@mail.com
C00335,Nisha Singh,SMB,R005,Pune,Maharashtra,2021-07-16,25000,60,Inactive,c00335@mail.com
C00336,Rahul Kumar,Enterprise,R008,Jaipur,Rajasthan,2021-01-08,100000,15,Active,c00336@mail.com
C00337,Vijay Sharma,Retail,R008,Jaipur,Rajasthan,2022-02-28,50000,45,Active,c00337@mail.com
C00338,Divya Singh,Corporate,R008,Jaipur,Rajasthan,2023-08-23,100000,45,Active,c00338@mail.com
C00339,Sneha Nair,Corporate,R007,Kolkata,West Bengal,2023-01-27,50000,60,Active,c00339@mail.com
C00340,Manoj Das,Enterprise,R005,Pune,Maharashtra,2022-04-09,500000,45,Inactive,c00340@mail.com
C00341,Rahul Sharma,Retail,R001,Bangalore,Karnataka,2024-09-30,75000,60,Inactive,c00341@mail.com
C00342,Asha Kumar,Corporate,R004,Mumbai,Maharashtra,2025-08-04,150000,60,Inactive,c00342@mail.com
C00343,Surya Patel,Corporate,R008,Jaipur,Rajasthan,2022-09-05,25000,60,Active,c00343@mail.com
C00344,Divya Das,SMB,R003,Hyderabad,Telangana,2026-04-28,50000,30,Active,c00344@mail.com
C00345,Karthik Rao,Retail,R003,Hyderabad,Telangana,2026-07-17,250000,60,Active,c00345@mail.com
C00346,Lakshmi Singh,Enterprise,R003,Hyderabad,Telangana,2026-02-09,250000,15,Active,c00346@mail.com
C00347,Asha Rao,Enterprise,R007,Kolkata,West Bengal,2025-10-21,75000,60,Active,c00347@mail.com
C00348,Divya Rao,SMB,R007,Kolkata,West Bengal,2021-10-31,150000,15,Active,c00348@mail.com
C00349,Nisha Iyer,Enterprise,R002,Chennai,Tamil Nadu,2025-12-03,100000,45,Active,c00349@mail.com
C00350,Surya Gupta,Corporate,R008,Jaipur,Rajasthan,2021-03-18,50000,45,Active,c00350@mail.com
C00351,Lakshmi Gupta,Corporate,R003,Hyderabad,Telangana,2021-03-21,100000,45,Active,c00351@mail.com
C00352,Kavya Singh,Enterprise,R001,Bangalore,Karnataka,2021-02-11,75000,45,Active,c00352@mail.com
C00353,Kavya Sharma,SMB,R005,Pune,Maharashtra,2021-10-03,75000,60,Active,c00353@mail.com
C00354,Pooja Gupta,Retail,R005,Pune,Maharashtra,2022-01-20,100000,30,Active,c00354@mail.com
C00355,Deepak Nair,Retail,R008,Jaipur,Rajasthan,2023-11-22,500000,30,Active,c00355@mail.com
C00356,Deepak Rao,SMB,R005,Pune,Maharashtra,2025-05-18,500000,15,Active,c00356@mail.com
C00357,Vijay Kumar,SMB,R004,Mumbai,Maharashtra,2021-03-09,100000,15,Active,c00357@mail.com
C00358,Ajay Nair,Corporate,R004,Mumbai,Maharashtra,2023-11-01,100000,15,Active,c00358@mail.com
C00359,Anitha Das,Corporate,R004,Mumbai,Maharashtra,2021-12-30,500000,60,Inactive,c00359@mail.com
C00360,Anitha Reddy,Enterprise,R006,Delhi,Delhi,2025-03-14,500000,15,Active,c00360@mail.com
C00361,Rohit Kumar,SMB,R001,Bangalore,Karnataka,2025-10-15,150000,30,Active,c00361@mail.com
C00362,Vijay Singh,Corporate,R004,Mumbai,Maharashtra,2023-11-18,25000,15,Active,c00362@mail.com
C00363,Sneha Gupta,Retail,R003,Hyderabad,Telangana,2022-04-04,75000,45,Active,c00363@mail.com
C00364,Rohit Nair,Corporate,R007,Kolkata,West Bengal,2022-06-01,50000,60,Active,c00364@mail.com
C00365,Surya Sharma,Retail,R007,Kolkata,West Bengal,2023-11-14,250000,45,Inactive,c00365@mail.com
C00366,Nisha Sharma,Corporate,R005,Pune,Maharashtra,2021-05-11,75000,45,Active,c00366@mail.com
C00367,Ajay Singh,SMB,R005,Pune,Maharashtra,2021-11-04,150000,30,Active,c00367@mail.com
C00368,Sanjay Reddy,Retail,R007,Kolkata,West Bengal,2024-09-04,100000,45,Active,c00368@mail.com
C00369,Rohit Rao,Retail,R007,Kolkata,West Bengal,2024-04-09,250000,30,Active,c00369@mail.com
C00370,Asha Das,Enterprise,R004,Mumbai,Maharashtra,2023-11-05,75000,30,Inactive,c00370@mail.com
C00371,Nisha Sharma,Corporate,R003,Hyderabad,Telangana,2021-09-20,250000,45,Inactive,c00371@mail.com
C00372,Sanjay Sharma,SMB,R003,Hyderabad,Telangana,2022-12-29,50000,45,Active,c00372@mail.com
C00373,Anitha Singh,Enterprise,R006,Delhi,Delhi,2023-08-08,500000,15,Active,c00373@mail.com
C00374,Surya Gupta,Retail,R001,Bangalore,Karnataka,2023-08-26,50000,15,Active,c00374@mail.com
C00375,Pooja Kumar,SMB,R005,Pune,Maharashtra,2021-10-09,50000,45,Active,c00375@mail.com
C00376,Rahul Nair,SMB,R008,Jaipur,Rajasthan,2025-05-15,25000,60,Active,c00376@mail.com
C00377,Sanjay Kumar,Retail,R003,Hyderabad,Telangana,2023-07-15,75000,30,Active,c00377@mail.com
C00378,Kavya Sharma,SMB,R003,Hyderabad,Telangana,2024-06-12,100000,60,Active,c00378@mail.com
C00379,Kavya Rao,Retail,R007,Kolkata,West Bengal,2021-03-19,150000,30,Active,c00379@mail.com
C00380,Sanjay Iyer,SMB,R001,Bangalore,Karnataka,2021-02-06,250000,15,Active,c00380@mail.com
C00381,Anitha Singh,SMB,R004,Mumbai,Maharashtra,2021-07-30,100000,45,Active,c00381@mail.com
C00382,Karthik Singh,Enterprise,R002,Chennai,Tamil Nadu,2023-07-23,250000,45,Active,c00382@mail.com
C00383,Sanjay Das,Enterprise,R003,Hyderabad,Telangana,2025-03-17,50000,30,Active,c00383@mail.com
C00384,Meena Patel,SMB,R001,Bangalore,Karnataka,2022-03-09,250000,15,Inactive,c00384@mail.com
C00385,Divya Nair,Retail,R003,Hyderabad,Telangana,2023-02-08,250000,45,Inactive,c00385@mail.com
C00386,Lakshmi Kumar,Retail,R001,Bangalore,Karnataka,2024-08-31,500000,15,Active,c00386@mail.com
C00387,Pooja Das,Corporate,R002,Chennai,Tamil Nadu,2021-09-11,150000,45,Active,c00387@mail.com
C00388,Vijay Kumar,Enterprise,R003,Hyderabad,Telangana,2023-05-12,250000,15,Inactive,c00388@mail.com
C00389,Lakshmi Gupta,SMB,R005,Pune,Maharashtra,2023-05-08,500000,15,Inactive,c00389@mail.com
C00390,Nisha Sharma,Retail,R002,Chennai,Tamil Nadu,2023-10-17,50000,30,Active,c00390@mail.com
C00391,Anitha Rao,Enterprise,R004,Mumbai,Maharashtra,2021-11-25,25000,60,Active,c00391@mail.com
C00392,Sanjay Patel,Retail,R008,Jaipur,Rajasthan,2021-01-27,250000,15,Active,c00392@mail.com
C00393,Rahul Sharma,Retail,R008,Jaipur,Rajasthan,2025-01-21,250000,15,Active,c00393@mail.com
C00394,Manoj Singh,Enterprise,R004,Mumbai,Maharashtra,2023-08-09,25000,15,Active,c00394@mail.com
C00395,Nisha Nair,Enterprise,R001,Bangalore,Karnataka,2023-05-23,250000,15,Active,c00395@mail.com
C00396,Arun Reddy,SMB,R001,Bangalore,Karnataka,2022-11-05,75000,60,Inactive,c00396@mail.com
C00397,Priya Nair,Enterprise,R005,Pune,Maharashtra,2022-01-10,25000,60,Active,c00397@mail.com
C00398,Ajay Rao,Corporate,R008,Jaipur,Rajasthan,2025-06-27,100000,30,Active,c00398@mail.com
C00399,Karthik Reddy,Retail,R003,Hyderabad,Telangana,2023-05-03,150000,60,Inactive,c00399@mail.com
C00400,Sneha Gupta,Corporate,R008,Jaipur,Rajasthan,2025-05-15,75000,15,Active,c00400@mail.com
C00401,Kavya Sharma,Corporate,R008,Jaipur,Rajasthan,2023-06-22,25000,15,Active,c00401@mail.com
C00402,Arun Iyer,SMB,R006,Delhi,Delhi,2026-06-26,250000,45,Inactive,c00402@mail.com
C00403,Pooja Patel,Corporate,R002,Chennai,Tamil Nadu,2022-12-10,250000,60,Active,c00403@mail.com
C00404,Arun Reddy,Corporate,R001,Bangalore,Karnataka,2025-10-11,100000,30,Active,c00404@mail.com
C00405,Sanjay Patel,Enterprise,R008,Jaipur,Rajasthan,2026-06-10,75000,15,Inactive,c00405@mail.com
C00406,Asha Rao,Corporate,R004,Mumbai,Maharashtra,2025-08-01,50000,15,Active,c00406@mail.com
C00407,Surya Das,Retail,R008,Jaipur,Rajasthan,2025-10-21,100000,60,Active,c00407@mail.com
C00408,Kavya Kumar,Retail,R002,Chennai,Tamil Nadu,2023-04-07,100000,15,Inactive,c00408@mail.com
C00409,Priya Gupta,Enterprise,R001,Bangalore,Karnataka,2025-12-28,150000,30,Active,c00409@mail.com
C00410,Anitha Kumar,SMB,R006,Delhi,Delhi,2025-09-26,100000,45,Inactive,c00410@mail.com
C00411,Anitha Das,Retail,R008,Jaipur,Rajasthan,2021-07-19,500000,30,Active,c00411@mail.com
C00412,Anitha Singh,Enterprise,R006,Delhi,Delhi,2024-12-08,25000,15,Active,c00412@mail.com
C00413,Rahul Rao,Retail,R008,Jaipur,Rajasthan,2022-06-05,150000,30,Active,c00413@mail.com
C00414,Rohit Patel,Corporate,R002,Chennai,Tamil Nadu,2025-08-16,500000,30,Active,c00414@mail.com
C00415,Pooja Kumar,Retail,R002,Chennai,Tamil Nadu,2025-05-01,100000,60,Inactive,c00415@mail.com
C00416,Kavya Kumar,Retail,R003,Hyderabad,Telangana,2024-02-08,100000,60,Inactive,c00416@mail.com
C00417,Surya Reddy,SMB,R003,Hyderabad,Telangana,2021-08-01,100000,45,Inactive,c00417@mail.com
C00418,Pooja Gupta,SMB,R007,Kolkata,West Bengal,2022-07-15,100000,45,Active,c00418@mail.com
C00419,Rahul Reddy,Corporate,R008,Jaipur,Rajasthan,2024-05-18,250000,45,Inactive,c00419@mail.com
C00420,Asha Patel,SMB,R006,Delhi,Delhi,2022-03-06,150000,45,Active,c00420@mail.com
C00421,Sneha Iyer,Enterprise,R003,Hyderabad,Telangana,2024-12-25,25000,45,Inactive,c00421@mail.com
C00422,Surya Gupta,Corporate,R008,Jaipur,Rajasthan,2024-10-12,250000,45,Active,c00422@mail.com
C00423,Deepak Sharma,Retail,R001,Bangalore,Karnataka,2023-02-20,50000,15,Active,c00423@mail.com
C00424,Ajay Reddy,Enterprise,R004,Mumbai,Maharashtra,2024-10-31,75000,30,Active,c00424@mail.com
C00425,Vijay Iyer,Retail,R005,Pune,Maharashtra,2023-01-05,500000,60,Active,c00425@mail.com
C00426,Asha Rao,SMB,R004,Mumbai,Maharashtra,2023-11-13,500000,45,Active,c00426@mail.com
C00427,Rohit Rao,Enterprise,R007,Kolkata,West Bengal,2026-06-02,150000,15,Active,c00427@mail.com
C00428,Vijay Gupta,Corporate,R005,Pune,Maharashtra,2025-08-27,50000,45,Inactive,c00428@mail.com
C00429,Vijay Singh,Corporate,R004,Mumbai,Maharashtra,2021-12-30,250000,15,Active,c00429@mail.com
C00430,Deepak Sharma,Corporate,R003,Hyderabad,Telangana,2021-03-25,100000,45,Inactive,c00430@mail.com
C00431,Rahul Reddy,Enterprise,R005,Pune,Maharashtra,2021-01-12,75000,60,Active,c00431@mail.com
C00432,Rahul Nair,Retail,R001,Bangalore,Karnataka,2025-05-04,250000,45,Active,c00432@mail.com
C00433,Priya Nair,SMB,R006,Delhi,Delhi,2026-05-14,50000,15,Inactive,c00433@mail.com
C00434,Pooja Iyer,Corporate,R003,Hyderabad,Telangana,2021-07-08,75000,30,Active,c00434@mail.com
C00435,Sanjay Nair,Enterprise,R006,Delhi,Delhi,2022-03-24,500000,60,Inactive,c00435@mail.com
C00436,Divya Nair,Corporate,R001,Bangalore,Karnataka,2022-05-08,250000,30,Active,c00436@mail.com
C00437,Rohit Sharma,Corporate,R006,Delhi,Delhi,2022-06-10,150000,45,Active,c00437@mail.com
C00438,Deepak Iyer,Corporate,R006,Delhi,Delhi,2023-09-24,25000,45,Active,c00438@mail.com
C00439,Deepak Sharma,Retail,R006,Delhi,Delhi,2021-12-09,500000,15,Active,c00439@mail.com
C00440,Vijay Rao,Retail,R004,Mumbai,Maharashtra,2022-02-26,150000,60,Active,c00440@mail.com
C00441,Arun Das,Enterprise,R003,Hyderabad,Telangana,2021-03-19,25000,15,Active,c00441@mail.com
C00442,Ajay Iyer,Retail,R003,Hyderabad,Telangana,2024-03-23,500000,30,Active,c00442@mail.com
C00443,Rohit Das,Corporate,R007,Kolkata,West Bengal,2023-06-06,75000,15,Active,c00443@mail.com
C00444,Asha Kumar,Retail,R002,Chennai,Tamil Nadu,2025-03-29,250000,15,Active,c00444@mail.com
C00445,Deepak Sharma,Enterprise,R006,Delhi,Delhi,2025-05-31,250000,45,Inactive,c00445@mail.com
C00446,Nisha Das,Corporate,R002,Chennai,Tamil Nadu,2023-03-21,500000,15,Active,c00446@mail.com
C00447,Asha Patel,SMB,R003,Hyderabad,Telangana,2025-03-10,100000,45,Active,c00447@mail.com
C00448,Anitha Kumar,SMB,R005,Pune,Maharashtra,2021-09-10,25000,15,Inactive,c00448@mail.com
C00449,Asha Iyer,Retail,R007,Kolkata,West Bengal,2022-09-17,50000,45,Active,c00449@mail.com
C00450,Deepak Reddy,SMB,R007,Kolkata,West Bengal,2022-01-12,50000,45,Active,c00450@mail.com
C00451,Sneha Gupta,Retail,R002,Chennai,Tamil Nadu,2025-10-10,500000,60,Inactive,c00451@mail.com
C00452,Nisha Sharma,Enterprise,R002,Chennai,Tamil Nadu,2021-07-21,50000,60,Active,c00452@mail.com
C00453,Rahul Patel,Retail,R006,Delhi,Delhi,2022-08-07,150000,15,Active,c00453@mail.com
C00454,Kavya Das,Enterprise,R006,Delhi,Delhi,2024-06-16,250000,45,Inactive,c00454@mail.com
C00455,Surya Gupta,Enterprise,R003,Hyderabad,Telangana,2025-07-13,75000,60,Active,c00455@mail.com
C00456,Sanjay Patel,SMB,R001,Bangalore,Karnataka,2024-12-29,250000,60,Active,c00456@mail.com
C00457,Rahul Nair,Corporate,R006,Delhi,Delhi,2023-08-06,100000,45,Active,c00457@mail.com
C00458,Asha Sharma,SMB,R008,Jaipur,Rajasthan,2024-08-15,150000,15,Active,c00458@mail.com
C00459,Asha Patel,Enterprise,R003,Hyderabad,Telangana,2025-02-11,250000,15,Active,c00459@mail.com
C00460,Deepak Kumar,Corporate,R001,Bangalore,Karnataka,2025-04-25,150000,30,Active,c00460@mail.com
C00461,Asha Iyer,Corporate,R005,Pune,Maharashtra,2024-09-01,500000,30,Active,c00461@mail.com
C00462,Meena Gupta,Enterprise,R007,Kolkata,West Bengal,2021-10-02,100000,15,Active,c00462@mail.com
C00463,Deepak Kumar,SMB,R006,Delhi,Delhi,2025-10-03,500000,30,Inactive,c00463@mail.com
C00464,Manoj Reddy,SMB,R003,Hyderabad,Telangana,2024-03-05,150000,30,Active,c00464@mail.com
C00465,Karthik Patel,Corporate,R006,Delhi,Delhi,2022-04-20,25000,45,Active,c00465@mail.com
C00466,Karthik Patel,Enterprise,R004,Mumbai,Maharashtra,2023-03-06,100000,60,Active,c00466@mail.com
C00467,Sanjay Sharma,Enterprise,R001,Bangalore,Karnataka,2025-09-06,250000,45,Inactive,c00467@mail.com
C00468,Rohit Rao,Enterprise,R003,Hyderabad,Telangana,2024-04-18,250000,15,Inactive,c00468@mail.com
C00469,Rohit Patel,Corporate,R005,Pune,Maharashtra,2022-12-24,500000,45,Active,c00469@mail.com
C00470,Lakshmi Kumar,SMB,R008,Jaipur,Rajasthan,2023-06-20,50000,30,Active,c00470@mail.com
C00471,Vijay Reddy,SMB,R005,Pune,Maharashtra,2021-11-19,75000,15,Active,c00471@mail.com
C00472,Sanjay Sharma,Corporate,R007,Kolkata,West Bengal,2024-10-14,100000,60,Active,c00472@mail.com
C00473,Pooja Kumar,SMB,R003,Hyderabad,Telangana,2021-03-30,50000,30,Active,c00473@mail.com
C00474,Surya Reddy,Retail,R001,Bangalore,Karnataka,2021-12-07,75000,30,Inactive,c00474@mail.com
C00475,Lakshmi Gupta,Retail,R007,Kolkata,West Bengal,2025-12-05,250000,45,Active,c00475@mail.com
C00476,Manoj Gupta,Corporate,R004,Mumbai,Maharashtra,2025-11-12,100000,30,Active,c00476@mail.com
C00477,Lakshmi Reddy,SMB,R007,Kolkata,West Bengal,2024-06-30,250000,45,Active,c00477@mail.com
C00478,Manoj Gupta,Retail,R006,Delhi,Delhi,2022-04-16,100000,60,Active,c00478@mail.com
C00479,Arun Patel,Corporate,R002,Chennai,Tamil Nadu,2025-08-20,50000,15,Active,c00479@mail.com
C00480,Lakshmi Gupta,Retail,R008,Jaipur,Rajasthan,2025-12-03,500000,15,Active,c00480@mail.com
C00481,Rahul Gupta,Retail,R008,Jaipur,Rajasthan,2026-01-11,500000,60,Inactive,c00481@mail.com
C00482,Anitha Kumar,Corporate,R007,Kolkata,West Bengal,2022-04-15,500000,60,Active,c00482@mail.com
C00483,Surya Gupta,Retail,R006,Delhi,Delhi,2023-05-22,50000,45,Active,c00483@mail.com
C00484,Priya Singh,Corporate,R004,Mumbai,Maharashtra,2022-06-12,50000,15,Active,c00484@mail.com
C00485,Deepak Kumar,Corporate,R002,Chennai,Tamil Nadu,2024-09-02,50000,45,Active,c00485@mail.com
C00486,Divya Reddy,Corporate,R006,Delhi,Delhi,2024-08-27,150000,45,Active,c00486@mail.com
C00487,Surya Nair,Enterprise,R007,Kolkata,West Bengal,2026-07-25,250000,60,Active,c00487@mail.com
C00488,Asha Iyer,Corporate,R007,Kolkata,West Bengal,2022-01-02,75000,60,Active,c00488@mail.com
C00489,Surya Nair,Corporate,R005,Pune,Maharashtra,2025-02-15,50000,15,Active,c00489@mail.com
C00490,Sneha Sharma,SMB,R008,Jaipur,Rajasthan,2023-11-08,100000,45,Inactive,c00490@mail.com
C00491,Sneha Rao,Retail,R001,Bangalore,Karnataka,2025-07-06,25000,30,Active,c00491@mail.com
C00492,Priya Sharma,Enterprise,R007,Kolkata,West Bengal,2022-03-31,75000,15,Inactive,c00492@mail.com
C00493,Rohit Rao,Enterprise,R001,Bangalore,Karnataka,2024-12-28,150000,15,Active,c00493@mail.com
C00494,Manoj Kumar,SMB,R008,Jaipur,Rajasthan,2025-10-08,250000,45,Active,c00494@mail.com
C00495,Lakshmi Iyer,SMB,R001,Bangalore,Karnataka,2024-06-13,50000,15,Active,c00495@mail.com
C00496,Arun Reddy,Retail,R004,Mumbai,Maharashtra,2022-07-20,500000,60,Active,c00496@mail.com
C00497,Rohit Gupta,SMB,R007,Kolkata,West Bengal,2023-11-27,25000,15,Active,c00497@mail.com
C00498,Asha Gupta,Enterprise,R005,Pune,Maharashtra,2022-12-13,500000,45,Active,c00498@mail.com
C00499,Manoj Rao,Retail,R004,Mumbai,Maharashtra,2022-06-19,50000,60,Inactive,c00499@mail.com
C00500,Asha Sharma,Enterprise,R002,Chennai,Tamil Nadu,2022-11-28,25000,45,Inactive,c00500@mail.com
C00501,Manoj Rao,Corporate,R005,Pune,Maharashtra,2025-04-26,50000,45,Active,c00501@mail.com
C00502,Surya Kumar,Corporate,R008,Jaipur,Rajasthan,2021-08-27,75000,15,Active,c00502@mail.com
C00503,Meena Nair,Corporate,R004,Mumbai,Maharashtra,2026-05-11,75000,15,Active,c00503@mail.com
C00504,Nisha Sharma,Corporate,R004,Mumbai,Maharashtra,2024-10-11,250000,45,Active,c00504@mail.com
C00505,Kavya Nair,Enterprise,R003,Hyderabad,Telangana,2022-03-24,150000,45,Active,c00505@mail.com
C00506,Kavya Patel,SMB,R004,Mumbai,Maharashtra,2025-02-15,50000,45,Active,c00506@mail.com
C00507,Vijay Patel,Enterprise,R004,Mumbai,Maharashtra,2021-11-16,500000,15,Active,c00507@mail.com
C00508,Kavya Gupta,Retail,R002,Chennai,Tamil Nadu,2025-04-15,500000,15,Active,c00508@mail.com
C00509,Lakshmi Nair,Corporate,R006,Delhi,Delhi,2026-01-14,150000,45,Active,c00509@mail.com
C00510,Deepak Singh,Corporate,R003,Hyderabad,Telangana,2022-03-31,500000,30,Active,c00510@mail.com
C00511,Kavya Iyer,Retail,R007,Kolkata,West Bengal,2023-10-27,75000,60,Active,c00511@mail.com
C00512,Divya Iyer,Corporate,R008,Jaipur,Rajasthan,2022-10-09,250000,15,Active,c00512@mail.com
C00513,Rohit Gupta,Retail,R004,Mumbai,Maharashtra,2022-10-29,75000,45,Active,c00513@mail.com
C00514,Meena Singh,Corporate,R005,Pune,Maharashtra,2026-05-18,150000,45,Active,c00514@mail.com
C00515,Kavya Rao,SMB,R003,Hyderabad,Telangana,2023-05-09,250000,45,Active,c00515@mail.com
C00516,Ajay Das,SMB,R007,Kolkata,West Bengal,2024-03-16,50000,30,Active,c00516@mail.com
C00517,Meena Iyer,Corporate,R005,Pune,Maharashtra,2025-10-20,100000,30,Active,c00517@mail.com
C00518,Kavya Kumar,SMB,R003,Hyderabad,Telangana,2023-05-14,100000,30,Inactive,c00518@mail.com
C00519,Kavya Singh,Enterprise,R006,Delhi,Delhi,2024-02-26,500000,15,Active,c00519@mail.com
C00520,Sneha Kumar,SMB,R002,Chennai,Tamil Nadu,2025-07-25,75000,60,Active,c00520@mail.com
C00521,Sanjay Singh,Enterprise,R008,Jaipur,Rajasthan,2023-01-08,150000,45,Active,c00521@mail.com
C00522,Pooja Sharma,Enterprise,R001,Bangalore,Karnataka,2025-11-12,250000,30,Inactive,c00522@mail.com
C00523,Nisha Nair,Enterprise,R003,Hyderabad,Telangana,2024-10-10,150000,60,Active,c00523@mail.com
C00524,Rohit Gupta,Enterprise,R002,Chennai,Tamil Nadu,2023-08-08,250000,30,Active,c00524@mail.com
C00525,Pooja Gupta,Corporate,R006,Delhi,Delhi,2025-10-05,25000,15,Active,c00525@mail.com
C00526,Meena Nair,Enterprise,R006,Delhi,Delhi,2024-08-30,75000,45,Inactive,c00526@mail.com
C00527,Ajay Das,Enterprise,R007,Kolkata,West Bengal,2025-03-12,150000,60,Active,c00527@mail.com
C00528,Sneha Kumar,SMB,R003,Hyderabad,Telangana,2025-01-30,50000,45,Active,c00528@mail.com
C00529,Sneha Rao,Retail,R004,Mumbai,Maharashtra,2021-07-15,25000,60,Inactive,c00529@mail.com
C00530,Arun Rao,Retail,R001,Bangalore,Karnataka,2021-08-01,75000,30,Active,c00530@mail.com
C00531,Nisha Patel,SMB,R007,Kolkata,West Bengal,2025-02-19,75000,60,Active,c00531@mail.com
C00532,Deepak Reddy,Retail,R003,Hyderabad,Telangana,2021-03-13,250000,45,Active,c00532@mail.com
C00533,Manoj Iyer,Enterprise,R008,Jaipur,Rajasthan,2024-01-29,100000,30,Inactive,c00533@mail.com
C00534,Surya Gupta,Corporate,R003,Hyderabad,Telangana,2024-07-16,250000,60,Inactive,c00534@mail.com
C00535,Anitha Das,SMB,R005,Pune,Maharashtra,2025-07-07,25000,60,Active,c00535@mail.com
C00536,Pooja Singh,SMB,R006,Delhi,Delhi,2022-09-14,25000,15,Inactive,c00536@mail.com
C00537,Anitha Singh,Corporate,R003,Hyderabad,Telangana,2024-01-01,25000,60,Active,c00537@mail.com
C00538,Arun Rao,Enterprise,R005,Pune,Maharashtra,2024-05-07,50000,15,Inactive,c00538@mail.com
C00539,Vijay Rao,Corporate,R006,Delhi,Delhi,2023-03-20,50000,30,Active,c00539@mail.com
C00540,Meena Singh,Retail,R007,Kolkata,West Bengal,2023-05-15,250000,30,Inactive,c00540@mail.com
C00541,Nisha Iyer,Enterprise,R005,Pune,Maharashtra,2023-04-26,50000,15,Active,c00541@mail.com
C00542,Nisha Sharma,Corporate,R003,Hyderabad,Telangana,2024-06-19,100000,45,Inactive,c00542@mail.com
C00543,Vijay Nair,Retail,R008,Jaipur,Rajasthan,2021-11-08,25000,15,Active,c00543@mail.com
C00544,Nisha Singh,SMB,R002,Chennai,Tamil Nadu,2025-01-04,100000,15,Active,c00544@mail.com
C00545,Rahul Kumar,Corporate,R002,Chennai,Tamil Nadu,2022-03-21,75000,60,Active,c00545@mail.com
C00546,Anitha Das,Retail,R008,Jaipur,Rajasthan,2022-11-08,25000,30,Active,c00546@mail.com
C00547,Rohit Sharma,Corporate,R005,Pune,Maharashtra,2022-01-07,50000,45,Active,c00547@mail.com
C00548,Divya Patel,Corporate,R001,Bangalore,Karnataka,2025-04-29,100000,30,Active,c00548@mail.com
C00549,Manoj Sharma,SMB,R004,Mumbai,Maharashtra,2023-08-27,100000,45,Active,c00549@mail.com
C00550,Karthik Iyer,Retail,R003,Hyderabad,Telangana,2022-06-03,100000,45,Active,c00550@mail.com
C00551,Karthik Patel,Retail,R006,Delhi,Delhi,2022-04-29,250000,60,Active,c00551@mail.com
C00552,Sneha Singh,Retail,R001,Bangalore,Karnataka,2023-03-22,500000,30,Active,c00552@mail.com
C00553,Surya Das,SMB,R001,Bangalore,Karnataka,2023-01-31,500000,15,Active,c00553@mail.com
C00554,Kavya Sharma,Enterprise,R003,Hyderabad,Telangana,2026-03-22,500000,15,Active,c00554@mail.com
C00555,Rahul Iyer,Retail,R006,Delhi,Delhi,2021-09-15,100000,30,Active,c00555@mail.com
C00556,Manoj Patel,Retail,R006,Delhi,Delhi,2024-11-12,100000,45,Active,c00556@mail.com
C00557,Karthik Das,Corporate,R005,Pune,Maharashtra,2024-02-19,75000,60,Active,c00557@mail.com
C00558,Asha Nair,Enterprise,R003,Hyderabad,Telangana,2025-02-08,100000,45,Inactive,c00558@mail.com
C00559,Priya Iyer,SMB,R003,Hyderabad,Telangana,2023-07-10,75000,45,Inactive,c00559@mail.com
C00560,Manoj Kumar,Corporate,R006,Delhi,Delhi,2025-02-11,50000,15,Inactive,c00560@mail.com
C00561,Lakshmi Patel,Enterprise,R006,Delhi,Delhi,2025-01-16,25000,60,Active,c00561@mail.com
C00562,Asha Reddy,Enterprise,R008,Jaipur,Rajasthan,2022-10-23,100000,45,Active,c00562@mail.com
C00563,Deepak Sharma,Retail,R002,Chennai,Tamil Nadu,2025-09-07,50000,30,Active,c00563@mail.com
C00564,Divya Das,SMB,R004,Mumbai,Maharashtra,2021-07-22,25000,60,Active,c00564@mail.com
C00565,Karthik Nair,SMB,R005,Pune,Maharashtra,2024-05-25,250000,15,Active,c00565@mail.com
C00566,Kavya Sharma,Corporate,R004,Mumbai,Maharashtra,2025-06-29,250000,15,Active,c00566@mail.com
C00567,Anitha Kumar,Enterprise,R007,Kolkata,West Bengal,2023-12-20,25000,15,Active,c00567@mail.com
C00568,Vijay Iyer,Retail,R002,Chennai,Tamil Nadu,2021-07-27,250000,30,Inactive,c00568@mail.com
C00569,Vijay Patel,SMB,R007,Kolkata,West Bengal,2024-03-13,250000,30,Inactive,c00569@mail.com
C00570,Divya Gupta,Enterprise,R007,Kolkata,West Bengal,2024-10-13,100000,60,Active,c00570@mail.com
C00571,Sneha Iyer,Corporate,R003,Hyderabad,Telangana,2023-10-31,75000,30,Inactive,c00571@mail.com
C00572,Anitha Nair,Enterprise,R008,Jaipur,Rajasthan,2025-09-27,75000,60,Active,c00572@mail.com
C00573,Lakshmi Patel,SMB,R006,Delhi,Delhi,2023-02-08,500000,45,Active,c00573@mail.com
C00574,Manoj Rao,Retail,R008,Jaipur,Rajasthan,2025-01-27,25000,45,Inactive,c00574@mail.com
C00575,Deepak Reddy,Enterprise,R001,Bangalore,Karnataka,2021-01-14,75000,30,Active,c00575@mail.com
C00576,Arun Singh,SMB,R006,Delhi,Delhi,2021-07-13,25000,60,Active,c00576@mail.com
C00577,Rahul Singh,Enterprise,R003,Hyderabad,Telangana,2025-12-27,150000,30,Active,c00577@mail.com
C00578,Nisha Sharma,Corporate,R005,Pune,Maharashtra,2024-03-11,50000,15,Active,c00578@mail.com
C00579,Sneha Das,Retail,R008,Jaipur,Rajasthan,2024-05-04,250000,45,Active,c00579@mail.com
C00580,Priya Kumar,Enterprise,R007,Kolkata,West Bengal,2022-12-14,500000,60,Active,c00580@mail.com
C00581,Meena Gupta,Retail,R002,Chennai,Tamil Nadu,2024-07-22,500000,60,Active,c00581@mail.com
C00582,Deepak Kumar,Enterprise,R005,Pune,Maharashtra,2024-01-11,150000,30,Active,c00582@mail.com
C00583,Rahul Kumar,Corporate,R004,Mumbai,Maharashtra,2026-06-12,100000,15,Active,c00583@mail.com
C00584,Nisha Rao,SMB,R007,Kolkata,West Bengal,2021-09-28,75000,15,Active,c00584@mail.com
C00585,Asha Rao,Enterprise,R001,Bangalore,Karnataka,2021-06-24,100000,60,Active,c00585@mail.com
C00586,Kavya Iyer,SMB,R003,Hyderabad,Telangana,2023-09-27,100000,30,Inactive,c00586@mail.com
C00587,Meena Sharma,Enterprise,R004,Mumbai,Maharashtra,2025-05-10,100000,45,Inactive,c00587@mail.com
C00588,Divya Rao,Corporate,R002,Chennai,Tamil Nadu,2023-01-19,75000,30,Active,c00588@mail.com
C00589,Lakshmi Kumar,Enterprise,R006,Delhi,Delhi,2021-12-13,75000,60,Inactive,c00589@mail.com
C00590,Manoj Kumar,SMB,R003,Hyderabad,Telangana,2022-02-13,250000,45,Active,c00590@mail.com
C00591,Divya Kumar,SMB,R002,Chennai,Tamil Nadu,2026-04-28,150000,30,Active,c00591@mail.com
C00592,Sanjay Sharma,Enterprise,R001,Bangalore,Karnataka,2023-07-11,100000,15,Active,c00592@mail.com
C00593,Asha Patel,SMB,R004,Mumbai,Maharashtra,2024-01-25,150000,45,Inactive,c00593@mail.com
C00594,Lakshmi Reddy,Retail,R008,Jaipur,Rajasthan,2023-02-11,150000,15,Active,c00594@mail.com
C00595,Karthik Singh,SMB,R003,Hyderabad,Telangana,2025-06-05,250000,45,Active,c00595@mail.com
C00596,Arun Sharma,Corporate,R008,Jaipur,Rajasthan,2024-09-14,75000,45,Active,c00596@mail.com
C00597,Nisha Rao,SMB,R001,Bangalore,Karnataka,2026-06-30,100000,15,Active,c00597@mail.com
C00598,Lakshmi Iyer,Retail,R008,Jaipur,Rajasthan,2022-01-17,50000,60,Inactive,c00598@mail.com
C00599,Karthik Patel,Enterprise,R001,Bangalore,Karnataka,2022-11-15,100000,60,Active,c00599@mail.com
C00600,Anitha Nair,Enterprise,R001,Bangalore,Karnataka,2024-07-04,75000,30,Inactive,c00600@mail.com
