Complaint_ID,Complaint_Date,Customer_ID,Product_ID,Employee_ID,Region_ID,Complaint_Type,Priority,Status,SLA_Hours,Resolution_Hours,Customer_Rating
CMP000001,2026-07-17,C00226,P0002,E0046,R004,Billing Issue,Medium,Closed,24,49,5
CMP000002,2025-12-21,C00333,P0078,E0011,R008,Refund Delay,Critical,Closed,24,46,5
CMP000003,2025-11-17,C00119,P0086,E0068,R007,Damaged Product,High,Closed,24,125,2
CMP000004,2026-08-07,C00474,P0082,E0018,R003,Refund Delay,Medium,Closed,48,120,3
CMP000005,2026-06-18,C00084,P0079,E0079,R001,Product Quality,Critical,Closed,48,17,3
CMP000006,2025-12-16,C00288,P0010,E0081,R007,Delivery Delay,Low,Closed,72,4,2
CMP000007,2025-08-08,C00090,P0113,E0088,R006,Wrong Product,Low,Closed,48,103,4
CMP000008,2025-09-14,C00420,P0053,E0067,R007,Wrong Product,Critical,Pending,48,6,
CMP000009,2025-06-26,C00042,P0113,E0054,R004,Delivery Delay,Low,Closed,24,25,3
CMP000010,2026-01-09,C00086,P0044,E0064,R007,Damaged Product,Medium,Closed,24,55,4
CMP000011,2026-03-11,C00572,P0052,E0089,R008,Damaged Product,High,Closed,48,91,1
CMP000012,2025-06-17,C00549,P0084,E0093,R005,Delivery Delay,Critical,Closed,48,114,2
CMP000014,2026-06-28,C00151,P0071,E0102,R008,Delivery Delay,Medium,Closed,48,23,4
CMP000015,2025-09-19,C00582,P0049,E0071,R007,Refund Delay,Medium,Pending,24,132,
CMP000016,2026-07-10,C00359,P0148,E0020,R001,Delivery Delay,Critical,Closed,72,34,5
CMP000017,2025-09-14,C00120,P0137,E0023,R004,Wrong Product,Critical,Closed,24,69,5
CMP000018,2026-03-11,C00003,P0002,E0109,R001,Wrong Product,Critical,Closed,72,88,1
CMP000019,2025-07-15,C00497,P0093,E0005,R005,Refund Delay,Medium,Closed,24,7,4
CMP000020,2025-08-10,C00120,P0044,E0052,R007,Billing Issue,Critical,Closed,72,54,4
CMP000021,2025-10-05,C00134,P0149,E0028,R006,Delivery Delay,Medium,Closed,24,126,5
CMP000022,2025-11-29,C00219,P0015,E0094,R002,Damaged Product,High,Closed,24,44,5
CMP000023,2026-07-19,C00075,P0042,E0083,R004,Billing Issue,Medium,Closed,48,53,4
CMP000024,2026-06-06,C00444,P0108,E0010,R004,Refund Delay,Critical,Open,24,131,
CMP000025,2025-12-13,C00199,P0118,E0010,R004,Wrong Product,Medium,Closed,24,129,2
CMP000026,2026-02-26,C00459,P0002,E0108,R002,Damaged Product,High,Closed,48,134,2
CMP000027,2026-01-01,C00008,P0149,E0063,R004,Wrong Product,High,Closed,24,139,4
CMP000028,2026-04-09,C00547,P0006,E0001,R002,Damaged Product,Critical,Pending,24,73,
CMP000029,2025-06-29,C00016,P0139,E0073,R006,Damaged Product,Medium,Closed,24,103,2
CMP000030,2025-08-13,C00526,P0115,E0005,R005,Product Quality,Low,Closed,72,14,5
CMP000031,2026-08-22,C00119,P0079,E0081,R007,Product Quality,Critical,Open,72,15,
CMP000033,2026-02-24,C00558,P0030,E0073,R006,Product Quality,Medium,Closed,72,52,1
CMP000034,2025-06-08,C00101,P0147,E0028,R006,Wrong Product,Low,Closed,72,65,4
CMP000035,2026-05-04,C00188,P0055,E0010,R004,Damaged Product,Low,Closed,48,118,2
CMP000036,2026-04-20,C00077,P0047,E0072,R001,Delivery Delay,Low,Closed,72,39,2
CMP000037,2025-06-13,C00225,P0024,E0051,R006,Billing Issue,Medium,Closed,72,76,5
CMP000038,2026-05-07,C00042,P0063,E0053,R004,Wrong Product,High,Closed,48,91,2
CMP000039,2026-03-02,C00039,P0113,E0066,R004,Refund Delay,Medium,Closed,48,31,5
CMP000040,2025-07-11,C00123,P0145,E0021,R001,Delivery Delay,Medium,Closed,72,134,2
CMP000041,2026-05-16,C00348,P0146,E0116,R008,Delivery Delay,Critical,Closed,24,31,4
CMP000042,2025-10-06,C00404,P0010,E0028,R006,Product Quality,High,Closed,72,119,1
CMP000043,2026-07-21,C00541,P0129,E0054,R004,Damaged Product,Low,Closed,48,111,3
CMP000044,2025-11-17,C00141,P0053,E0039,R005,Delivery Delay,High,Open,48,126,
CMP000046,2025-08-25,C00169,P0051,E0024,R002,Refund Delay,Medium,Closed,48,96,1
CMP000047,2026-04-25,C00280,P0076,E0066,R004,Damaged Product,Medium,Pending,72,56,
CMP000048,2026-04-25,C00469,P0122,E0084,R006,Delivery Delay,High,Closed,24,87,1
CMP000049,2025-09-25,C00205,P0126,E0056,R003,Billing Issue,Medium,Pending,24,30,
CMP000050,2025-10-17,C00026,P0129,E0001,R002,Delivery Delay,Critical,Closed,72,45,4
CMP000051,2026-03-22,C00476,P0040,E0092,R003,Refund Delay,High,Closed,24,61,1
CMP000052,2025-09-18,C00215,P0054,E0036,R004,Billing Issue,Critical,Closed,24,104,3
CMP000053,2026-02-02,C00219,P0052,E0010,R004,Delivery Delay,Medium,Closed,24,82,4
CMP000054,2025-08-16,C00248,P0148,E0019,R002,Damaged Product,Critical,Closed,72,35,5
CMP000055,2025-10-22,C00553,P0087,E0025,R004,Product Quality,High,Pending,72,38,
CMP000056,2025-08-08,C00378,P0047,E0091,R002,Billing Issue,Medium,Closed,48,22,4
CMP000057,2026-03-19,C00515,P0125,E0025,R004,Wrong Product,Low,Closed,48,25,3
CMP000058,2025-09-29,C00545,P0069,E0069,R007,Damaged Product,High,Closed,24,114,2
CMP000059,2026-01-14,C00294,P0032,E0055,R005,Refund Delay,High,Closed,72,41,3
CMP000060,2025-07-28,C00163,P0126,E0103,R001,Delivery Delay,Medium,Closed,72,55,2
CMP000061,2025-09-16,C00239,P0029,E0001,R002,Billing Issue,Low,Closed,48,67,2
CMP000062,2026-05-15,C00080,P0056,E0109,R001,Delivery Delay,Critical,Closed,24,34,5
CMP000063,2025-08-25,C00223,P0049,E0076,R008,Refund Delay,High,Closed,48,86,1
CMP000064,2025-12-17,C00158,P0140,E0060,R001,Damaged Product,Low,Closed,72,64,3
CMP000065,2025-06-01,C00482,P0120,E0089,R008,Product Quality,High,Closed,24,62,4
CMP000066,2026-04-01,C00239,P0028,E0012,R004,Billing Issue,Critical,Pending,24,111,
CMP000067,2025-12-28,C00252,P0045,E0120,R002,Billing Issue,Low,Closed,48,9,2
CMP000068,2025-07-18,C00020,P0086,E0016,R002,Billing Issue,Medium,Closed,72,54,1
CMP000069,2026-05-13,C00543,P0044,E0047,R003,Delivery Delay,Critical,Closed,24,83,5
CMP000070,2025-09-07,C00096,P0086,E0087,R002,Damaged Product,Low,Open,72,104,
CMP000071,2025-09-13,C00467,P0047,E0044,R001,Delivery Delay,Medium,Closed,72,131,5
CMP000072,2026-08-13,C00143,P0056,E0027,R008,Delivery Delay,Critical,Closed,48,71,1
CMP000073,2026-03-01,C00041,P0054,E0001,R002,Refund Delay,Medium,Closed,48,61,3
CMP000074,2026-04-27,C00510,P0037,E0035,R002,Delivery Delay,Low,Closed,72,30,4
CMP000075,2025-06-14,C00557,P0069,E0035,R002,Billing Issue,High,Closed,48,39,3
CMP000076,2025-06-01,C00132,P0027,E0076,R008,Delivery Delay,High,Closed,48,100,3
CMP000077,2026-05-18,C00470,P0046,E0099,R008,Damaged Product,Low,Closed,48,18,2
CMP000078,2026-02-18,C00449,P0102,E0073,R006,Billing Issue,Low,Closed,24,9,1
CMP000080,2026-08-12,C00336,P0057,E0030,R003,Product Quality,Medium,Closed,48,10,4
CMP000081,2026-05-03,C00112,P0004,E0024,R002,Wrong Product,Medium,Closed,24,25,2
CMP000082,2026-07-15,C00483,P0127,E0119,R002,Damaged Product,Low,Closed,72,24,5
CMP000083,2025-11-04,C00528,P0084,E0042,R005,Refund Delay,Low,Closed,48,96,1
CMP000084,2025-10-20,C00046,P0126,E0106,R007,Refund Delay,Medium,Closed,24,123,5
CMP000085,2025-07-16,C00508,P0141,E0029,R006,Billing Issue,Medium,Closed,72,8,2
CMP000086,2026-06-29,C00521,P0015,E0032,R001,Damaged Product,Critical,Closed,72,63,2
CMP000087,2026-05-23,C00580,P0011,E0120,R002,Wrong Product,Medium,Closed,72,63,2
CMP000088,2025-06-18,C00047,P0077,E0079,R001,Wrong Product,High,Open,24,140,
CMP000089,2026-05-10,C00522,P0041,E0027,R008,Billing Issue,High,Open,72,102,
CMP000090,2025-12-09,C00154,P0115,E0063,R004,Wrong Product,Low,Closed,72,75,1
CMP000091,2026-07-21,C00185,P0126,E0004,R008,Product Quality,Critical,Closed,72,40,3
CMP000092,2025-11-19,C00138,P0140,E0050,R005,Product Quality,Critical,Closed,72,10,4
CMP000093,2026-02-14,C00464,P0030,E0116,R008,Product Quality,Low,Closed,48,137,3
CMP000094,2025-10-15,C00482,P0037,E0115,R005,Delivery Delay,High,Closed,48,92,5
CMP000095,2025-08-20,C00211,P0017,E0027,R008,Product Quality,Critical,Closed,72,43,1
CMP000097,2025-07-22,C00597,P0144,E0012,R004,Product Quality,Medium,Closed,48,112,1
CMP000098,2025-11-27,C00468,P0078,E0019,R002,Product Quality,Low,Closed,72,137,4
CMP000099,2026-07-25,C00505,P0057,E0035,R002,Damaged Product,Medium,Closed,24,49,2
CMP000100,2026-05-06,C00036,P0064,E0080,R001,Damaged Product,High,Closed,72,122,4
CMP000101,2026-07-28,C00290,P0080,E0076,R008,Damaged Product,High,Closed,48,46,1
CMP000102,2025-08-04,C00110,P0072,E0047,R003,Wrong Product,Low,Pending,48,121,
CMP000103,2025-09-04,C00446,P0029,E0055,R005,Product Quality,Critical,Closed,72,116,3
CMP000104,2026-03-14,C00289,P0061,E0037,R004,Wrong Product,Low,Closed,24,11,2
CMP000105,2026-07-07,C00012,P0068,E0029,R006,Billing Issue,Critical,Closed,72,114,3
CMP000106,2025-08-09,C00022,P0001,E0099,R008,Billing Issue,Low,Closed,48,70,5
CMP000107,2025-06-14,C00246,P0058,E0098,R003,Wrong Product,High,Closed,72,11,1
CMP000108,2025-09-26,C00049,P0104,E0088,R006,Product Quality,Medium,Closed,48,54,3
CMP000109,2026-01-15,C00015,P0054,E0057,R001,Delivery Delay,Critical,Closed,24,71,1
CMP000110,2026-07-14,C00338,P0123,E0056,R003,Product Quality,Critical,Pending,72,84,
CMP000111,2026-05-04,C00457,P0051,E0073,R006,Damaged Product,Critical,Closed,24,76,3
CMP000112,2026-04-27,C00125,P0105,E0100,R005,Refund Delay,High,Closed,48,22,2
CMP000113,2026-01-17,C00301,P0052,E0071,R007,Billing Issue,Medium,Closed,72,97,5
CMP000114,2026-02-09,C00073,P0121,E0037,R004,Delivery Delay,High,Open,48,34,
CMP000115,2025-08-15,C00557,P0034,E0116,R008,Refund Delay,High,Closed,24,91,4
CMP000116,2025-07-10,C00418,P0092,E0015,R008,Wrong Product,Medium,Open,48,101,
CMP000117,2026-03-26,C00370,P0084,E0035,R002,Wrong Product,Medium,Closed,72,76,1
CMP000118,2025-07-12,C00542,P0127,E0028,R006,Damaged Product,High,Closed,48,102,1
CMP000119,2025-07-05,C00211,P0039,E0003,R001,Delivery Delay,Medium,Closed,72,123,5
CMP000120,2026-02-16,C00131,P0037,E0103,R001,Damaged Product,Low,Closed,48,36,2
CMP000121,2026-04-08,C00043,P0064,E0089,R008,Billing Issue,High,Open,24,6,
CMP000122,2025-12-13,C00292,P0033,E0010,R004,Billing Issue,Medium,Closed,48,113,3
CMP000123,2026-03-13,C00348,P0064,E0081,R007,Delivery Delay,Low,Closed,72,69,3
CMP000124,2026-05-17,C00516,P0134,E0101,R005,Delivery Delay,Critical,Closed,72,24,2
CMP000125,2025-12-10,C00375,P0046,E0106,R007,Product Quality,Low,Open,72,67,
CMP000126,2025-09-04,C00198,P0018,E0003,R001,Refund Delay,Critical,Closed,24,60,1
CMP000127,2025-12-30,C00401,P0042,E0023,R004,Delivery Delay,Medium,Closed,24,80,1
CMP000128,2025-08-20,C00412,P0060,E0101,R005,Damaged Product,Critical,Pending,48,125,
CMP000129,2026-04-26,C00281,P0051,E0074,R005,Refund Delay,Critical,Open,48,20,
CMP000130,2025-11-21,C00347,P0062,E0095,R005,Delivery Delay,High,Closed,48,57,1
CMP000131,2026-05-26,C00003,P0138,E0105,R005,Wrong Product,Medium,Closed,48,16,3
CMP000132,2026-05-18,C00359,P0023,E0005,R005,Refund Delay,High,Closed,72,66,3
CMP000133,2025-12-30,C00103,P0041,E0084,R006,Product Quality,High,Closed,48,15,3
CMP000134,2026-01-09,C00570,P0043,E0082,R008,Damaged Product,High,Closed,72,19,4
CMP000135,2026-06-14,C00583,P0133,E0029,R006,Damaged Product,Critical,Closed,72,97,4
CMP000136,2026-06-06,C00178,P0073,E0031,R001,Billing Issue,Critical,Closed,48,132,2
CMP000137,2026-08-05,C00446,P0095,E0083,R004,Damaged Product,High,Closed,48,134,3
CMP000138,2025-10-22,C00571,P0051,E0068,R007,Billing Issue,Low,Closed,72,138,2
CMP000139,2026-05-21,C00174,P0086,E0102,R008,Product Quality,Medium,Closed,48,79,1
CMP000140,2025-08-04,C00500,P0072,E0025,R004,Refund Delay,High,Closed,72,37,1
CMP000141,2026-05-31,C00243,P0138,E0033,R008,Damaged Product,Low,Closed,72,27,2
CMP000142,2026-07-30,C00251,P0024,E0075,R001,Refund Delay,Critical,Closed,24,123,4
CMP000143,2026-02-01,C00152,P0136,E0071,R007,Refund Delay,Critical,Closed,72,35,3
CMP000144,2025-08-19,C00569,P0090,E0079,R001,Billing Issue,Low,Closed,24,128,2
CMP000145,2026-04-18,C00525,P0041,E0014,R005,Product Quality,Medium,Closed,48,25,5
CMP000146,2026-01-22,C00235,P0032,E0110,R004,Product Quality,High,Closed,72,77,5
CMP000147,2026-05-31,C00390,P0027,E0011,R008,Billing Issue,Medium,Closed,24,45,2
CMP000148,2026-05-02,C00561,P0143,E0120,R002,Delivery Delay,Medium,Pending,48,124,
CMP000149,2026-04-19,C00579,P0113,E0031,R001,Wrong Product,Critical,Closed,48,130,4
CMP000150,2025-10-24,C00111,P0079,E0075,R001,Wrong Product,Medium,Closed,72,134,3
CMP000151,2025-10-20,C00117,P0018,E0022,R003,Billing Issue,Medium,Closed,24,92,1
CMP000152,2026-04-01,C00090,P0128,E0037,R004,Product Quality,Low,Closed,24,102,4
CMP000153,2025-07-02,C00297,P0091,E0055,R005,Product Quality,Critical,Closed,24,103,3
CMP000154,2026-06-25,C00256,P0018,E0080,R001,Refund Delay,Low,Closed,72,79,1
CMP000155,2026-05-08,C00278,P0092,E0005,R005,Refund Delay,High,Closed,24,118,2
CMP000156,2026-05-22,C00172,P0097,E0104,R001,Wrong Product,Medium,Closed,48,54,4
CMP000157,2026-03-31,C00121,P0113,E0028,R006,Damaged Product,High,Closed,24,23,1
CMP000158,2025-06-27,C00446,P0139,E0088,R006,Wrong Product,High,Closed,72,62,1
CMP000159,2025-06-29,C00281,P0038,E0101,R005,Wrong Product,Low,Closed,24,115,1
CMP000160,2025-10-05,C00575,P0017,E0076,R008,Billing Issue,High,Closed,24,16,3
CMP000161,2026-08-18,C00400,P0084,E0081,R007,Refund Delay,Low,Closed,24,27,2
CMP000162,2025-07-08,C00183,P0141,E0086,R008,Refund Delay,High,Closed,48,4,3
CMP000163,2026-06-29,C00268,P0091,E0065,R005,Refund Delay,Low,Closed,72,72,2
CMP000164,2025-10-17,C00188,P0092,E0040,R005,Refund Delay,Critical,Closed,24,110,1
CMP000165,2025-12-11,C00450,P0090,E0048,R005,Delivery Delay,High,Closed,48,125,2
CMP000166,2026-07-26,C00583,P0007,E0076,R008,Wrong Product,High,Closed,72,98,3
CMP000167,2025-12-04,C00064,P0093,E0057,R001,Billing Issue,Low,Closed,72,93,5
CMP000168,2025-09-25,C00504,P0025,E0070,R004,Delivery Delay,Critical,Closed,72,35,1
CMP000169,2026-05-25,C00546,P0032,E0096,R007,Billing Issue,Low,Closed,24,128,5
CMP000170,2025-10-21,C00173,P0033,E0050,R005,Damaged Product,High,Closed,24,37,2
CMP000172,2026-02-08,C00307,P0008,E0085,R005,Refund Delay,Critical,Open,72,112,
CMP000173,2026-03-01,C00242,P0108,E0041,R002,Refund Delay,Critical,Pending,72,84,
CMP000174,2026-02-27,C00486,P0029,E0053,R004,Billing Issue,Medium,Closed,72,9,3
CMP000175,2026-06-22,C00309,P0037,E0018,R003,Wrong Product,Low,Pending,24,35,
CMP000176,2026-06-23,C00580,P0013,E0022,R003,Delivery Delay,High,Pending,24,119,
CMP000177,2025-08-15,C00116,P0106,E0072,R001,Product Quality,Critical,Closed,48,17,5
CMP000178,2025-11-24,C00367,P0061,E0032,R001,Damaged Product,Medium,Closed,72,107,2
CMP000179,2026-01-19,C00306,P0145,E0007,R002,Wrong Product,Critical,Closed,72,57,3
CMP000180,2025-12-26,C00044,P0076,E0009,R002,Damaged Product,Medium,Closed,24,39,2
CMP000181,2025-12-24,C00413,P0111,E0100,R005,Refund Delay,High,Open,24,24,
CMP000182,2026-06-19,C00270,P0084,E0007,R002,Delivery Delay,Medium,Closed,72,71,5
CMP000183,2026-02-02,C00415,P0093,E0079,R001,Wrong Product,Medium,Closed,48,24,1
CMP000184,2026-02-13,C00063,P0002,E0102,R008,Product Quality,Critical,Closed,72,58,4
CMP000185,2026-05-20,C00532,P0106,E0090,R003,Billing Issue,Critical,Open,24,133,
CMP000186,2025-06-14,C00353,P0138,E0041,R002,Delivery Delay,High,Closed,72,137,3
CMP000187,2026-03-30,C00107,P0059,E0056,R003,Billing Issue,High,Closed,24,69,3
CMP000188,2026-02-26,C00195,P0127,E0097,R001,Billing Issue,High,Closed,72,26,3
CMP000189,2026-06-01,C00167,P0128,E0050,R005,Product Quality,Low,Closed,48,25,4
CMP000190,2026-07-19,C00158,P0075,E0113,R007,Billing Issue,Medium,Closed,48,94,5
CMP000191,2025-09-06,C00113,P0101,E0082,R008,Wrong Product,Medium,Pending,48,44,
CMP000192,2025-09-11,C00361,P0027,E0044,R001,Product Quality,Low,Closed,24,125,5
CMP000193,2026-05-21,C00551,P0128,E0058,R008,Wrong Product,Medium,Closed,24,107,5
CMP000194,2026-02-07,C00302,P0087,E0105,R005,Billing Issue,Critical,Closed,72,49,5
CMP000195,2025-10-11,C00137,P0145,E0010,R004,Damaged Product,Critical,Pending,24,117,
CMP000196,2025-10-27,C00478,P0038,E0106,R007,Damaged Product,Medium,Closed,72,9,5
CMP000197,2026-08-24,C00166,P0061,E0041,R002,Damaged Product,Medium,Open,48,133,
CMP000198,2025-08-12,C00263,P0023,E0015,R008,Wrong Product,Critical,Pending,48,91,
CMP000199,2026-02-27,C00168,P0136,E0041,R002,Billing Issue,High,Closed,72,120,3
CMP000200,2026-03-20,C00303,P0109,E0045,R003,Refund Delay,High,Closed,72,57,4
CMP000201,2026-07-20,C00574,P0144,E0094,R002,Delivery Delay,High,Closed,24,58,1
CMP000202,2026-01-06,C00286,P0044,E0027,R008,Refund Delay,Low,Open,48,85,
CMP000203,2025-09-16,C00380,P0064,E0034,R001,Wrong Product,Low,Closed,24,30,2
CMP000204,2025-07-08,C00479,P0058,E0083,R004,Wrong Product,Low,Pending,72,137,
CMP000205,2026-08-17,C00353,P0109,E0020,R001,Product Quality,Low,Closed,72,131,4
CMP000206,2025-08-23,C00220,P0053,E0057,R001,Product Quality,High,Closed,72,72,5
CMP000207,2025-12-05,C00460,P0039,E0071,R007,Wrong Product,Low,Closed,24,32,5
CMP000208,2025-12-05,C00379,P0064,E0049,R006,Damaged Product,Medium,Closed,24,96,4
CMP000209,2026-01-19,C00576,P0008,E0077,R002,Wrong Product,Critical,Closed,48,25,1
CMP000210,2026-03-26,C00167,P0094,E0036,R004,Damaged Product,Medium,Open,24,123,
CMP000211,2025-08-28,C00404,P0082,E0084,R006,Refund Delay,Medium,Closed,24,34,5
CMP000212,2026-04-22,C00001,P0018,E0044,R001,Wrong Product,Low,Closed,72,71,1
CMP000213,2026-05-22,C00417,P0140,E0038,R002,Delivery Delay,Medium,Closed,72,29,3
CMP000214,2025-12-26,C00272,P0046,E0119,R002,Billing Issue,Medium,Closed,48,32,5
CMP000215,2026-05-01,C00424,P0066,E0002,R002,Wrong Product,High,Closed,72,38,4
CMP000216,2026-02-20,C00046,P0145,E0032,R001,Refund Delay,High,Closed,72,40,1
CMP000217,2026-08-17,C00416,P0127,E0009,R002,Product Quality,Critical,Closed,72,41,5
CMP000218,2025-08-29,C00317,P0075,E0009,R002,Billing Issue,Low,Closed,72,21,1
CMP000219,2025-06-03,C00444,P0088,E0045,R003,Damaged Product,Medium,Closed,72,102,3
CMP000220,2025-09-24,C00077,P0137,E0115,R005,Refund Delay,Critical,Pending,48,20,
CMP000221,2025-08-27,C00027,P0136,E0069,R007,Wrong Product,Medium,Closed,24,109,3
CMP000222,2025-12-20,C00461,P0112,E0010,R004,Damaged Product,Low,Pending,72,88,
CMP000223,2026-03-30,C00003,P0144,E0069,R007,Product Quality,Critical,Pending,72,53,
CMP000224,2025-09-10,C00191,P0148,E0081,R007,Damaged Product,Critical,Closed,24,88,3
CMP000225,2025-08-23,C00090,P0010,E0092,R003,Refund Delay,Medium,Closed,24,87,3
CMP000226,2026-02-01,C00410,P0136,E0037,R004,Product Quality,Low,Closed,24,113,4
CMP000227,2025-07-29,C00130,P0148,E0034,R001,Billing Issue,Critical,Closed,24,94,1
CMP000228,2026-07-20,C00338,P0126,E0044,R001,Wrong Product,Critical,Closed,72,94,4
CMP000229,2025-08-25,C00067,P0135,E0021,R001,Damaged Product,Critical,Closed,72,29,2
CMP000230,2025-09-05,C00510,P0049,E0094,R002,Wrong Product,Critical,Closed,72,23,2
CMP000231,2026-07-26,C00161,P0122,E0017,R002,Delivery Delay,Critical,Closed,24,4,4
CMP000232,2026-04-11,C00091,P0118,E0004,R008,Billing Issue,Low,Closed,48,62,5
CMP000233,2026-01-24,C00136,P0135,E0094,R002,Billing Issue,High,Pending,48,127,
CMP000234,2025-11-12,C00051,P0085,E0056,R003,Damaged Product,Critical,Closed,72,63,3
CMP000235,2025-12-15,C00297,P0087,E0001,R002,Wrong Product,Medium,Closed,24,91,2
CMP000236,2025-07-30,C00574,P0067,E0042,R005,Product Quality,Low,Pending,24,102,
CMP000237,2026-08-09,C00249,P0148,E0046,R004,Refund Delay,Medium,Pending,72,54,
CMP000238,2026-02-28,C00211,P0109,E0059,R006,Damaged Product,Medium,Closed,24,29,4
CMP000239,2025-12-13,C00586,P0065,E0017,R002,Refund Delay,Low,Closed,24,118,2
CMP000240,2025-12-19,C00312,P0051,E0097,R001,Refund Delay,Low,Open,72,107,
CMP000241,2026-01-30,C00506,P0117,E0071,R007,Wrong Product,High,Closed,24,56,1
CMP000242,2026-01-05,C00080,P0129,E0083,R004,Billing Issue,Critical,Closed,72,111,5
CMP000243,2025-12-23,C00090,P0059,E0018,R003,Damaged Product,Medium,Closed,24,41,5
CMP000244,2025-12-19,C00497,P0017,E0085,R005,Refund Delay,Medium,Closed,24,60,3
CMP000245,2026-02-22,C00324,P0142,E0029,R006,Delivery Delay,Low,Closed,24,128,2
CMP000246,2026-06-18,C00475,P0021,E0034,R001,Delivery Delay,Medium,Closed,72,109,4
CMP000247,2026-02-13,C00278,P0008,E0045,R003,Billing Issue,High,Closed,48,100,3
CMP000248,2025-12-12,C00164,P0053,E0087,R002,Damaged Product,Critical,Pending,48,69,
CMP000249,2025-08-19,C00014,P0122,E0075,R001,Delivery Delay,High,Open,72,96,
CMP000250,2025-08-02,C00169,P0117,E0067,R007,Product Quality,Critical,Closed,24,84,1
CMP000251,2025-08-22,C00120,P0012,E0078,R002,Billing Issue,Medium,Closed,72,69,2
CMP000252,2026-05-15,C00516,P0014,E0045,R003,Delivery Delay,Low,Closed,72,40,5
CMP000253,2026-01-31,C00298,P0104,E0082,R008,Product Quality,Critical,Closed,48,131,4
CMP000254,2026-05-29,C00113,P0115,E0115,R005,Refund Delay,Low,Closed,48,13,2
CMP000255,2026-07-10,C00217,P0035,E0105,R005,Wrong Product,Low,Closed,72,113,4
CMP000256,2026-02-12,C00477,P0149,E0075,R001,Refund Delay,Critical,Closed,72,85,3
CMP000257,2025-11-07,C00156,P0085,E0030,R003,Billing Issue,Critical,Pending,24,20,
CMP000258,2026-01-12,C00273,P0148,E0048,R005,Delivery Delay,High,Closed,24,56,1
CMP000259,2025-08-01,C00068,P0026,E0013,R004,Wrong Product,Low,Closed,72,74,2
CMP000260,2026-06-11,C00517,P0122,E0073,R006,Refund Delay,High,Closed,72,116,4
CMP000261,2026-08-14,C00228,P0090,E0043,R001,Refund Delay,Medium,Pending,48,9,
CMP000262,2025-12-31,C00201,P0051,E0002,R002,Damaged Product,Critical,Closed,48,110,5
CMP000263,2025-06-14,C00563,P0046,E0080,R001,Product Quality,Medium,Closed,24,107,5
CMP000264,2025-12-27,C00307,P0104,E0087,R002,Refund Delay,Medium,Closed,24,118,1
CMP000265,2026-07-04,C00091,P0041,E0084,R006,Delivery Delay,High,Pending,72,107,
CMP000266,2025-08-06,C00362,P0034,E0058,R008,Refund Delay,High,Open,72,110,
CMP000267,2025-10-04,C00081,P0021,E0090,R003,Wrong Product,High,Closed,48,55,2
CMP000268,2025-08-19,C00156,P0124,E0007,R002,Product Quality,Medium,Open,72,71,
CMP000269,2025-10-03,C00411,P0089,E0032,R001,Refund Delay,Critical,Closed,72,7,2
CMP000270,2025-09-03,C00377,P0024,E0040,R005,Damaged Product,Low,Closed,24,61,4
CMP000271,2025-11-11,C00425,P0146,E0046,R004,Product Quality,Medium,Closed,72,105,1
CMP000272,2025-12-27,C00212,P0074,E0067,R007,Wrong Product,Low,Open,48,89,
CMP000273,2026-05-25,C00027,P0087,E0063,R004,Refund Delay,High,Closed,48,129,4
CMP000274,2026-04-15,C00132,P0119,E0004,R008,Product Quality,Critical,Open,48,20,
CMP000275,2026-04-19,C00049,P0147,E0067,R007,Damaged Product,High,Closed,24,139,4
CMP000276,2026-04-21,C00569,P0069,E0094,R002,Billing Issue,Critical,Pending,48,126,
CMP000277,2026-05-10,C00037,P0029,E0068,R007,Wrong Product,Low,Closed,48,49,4
CMP000278,2026-02-16,C00383,P0001,E0117,R004,Product Quality,Medium,Closed,72,67,5
CMP000279,2026-01-16,C00477,P0027,E0015,R008,Wrong Product,High,Closed,48,109,5
CMP000280,2026-08-30,C00266,P0045,E0065,R005,Wrong Product,Medium,Closed,24,51,3
CMP000281,2026-02-07,C00553,P0121,E0112,R002,Wrong Product,High,Open,48,26,
CMP000282,2026-03-25,C00474,P0027,E0107,R005,Refund Delay,Low,Closed,72,57,5
CMP000283,2026-04-06,C00319,P0089,E0090,R003,Billing Issue,Low,Closed,24,74,5
CMP000284,2026-02-22,C00294,P0032,E0059,R006,Billing Issue,Low,Closed,72,78,1
CMP000285,2026-05-22,C00031,P0005,E0055,R005,Delivery Delay,High,Closed,24,113,3
CMP000286,2025-07-28,C00316,P0017,E0104,R001,Damaged Product,Low,Closed,72,114,2
CMP000287,2026-02-24,C00438,P0111,E0045,R003,Product Quality,Critical,Closed,48,135,3
CMP000288,2026-04-11,C00351,P0139,E0012,R004,Refund Delay,Medium,Pending,48,105,
CMP000289,2025-12-14,C00466,P0006,E0115,R005,Billing Issue,Low,Closed,24,44,3
CMP000290,2025-11-13,C00463,P0094,E0074,R005,Delivery Delay,Critical,Closed,24,85,5
CMP000291,2026-02-20,C00431,P0044,E0044,R001,Damaged Product,Low,Pending,24,26,
CMP000292,2025-11-03,C00518,P0112,E0051,R006,Billing Issue,Critical,Closed,24,128,2
CMP000293,2026-04-12,C00594,P0044,E0047,R003,Refund Delay,Critical,Closed,72,109,4
CMP000294,2026-08-17,C00182,P0024,E0107,R005,Wrong Product,Critical,Closed,72,21,3
CMP000295,2025-08-21,C00253,P0124,E0034,R001,Delivery Delay,Low,Closed,48,94,1
CMP000297,2026-01-21,C00202,P0090,E0099,R008,Damaged Product,Medium,Closed,48,124,2
CMP000298,2025-06-05,C00060,P0067,E0021,R001,Damaged Product,Medium,Pending,24,102,
CMP000299,2025-06-10,C00156,P0103,E0054,R004,Damaged Product,Critical,Closed,48,41,2
CMP000300,2026-08-14,C00342,P0021,E0045,R003,Billing Issue,Low,Closed,72,128,1
CMP000301,2025-12-15,C00361,P0147,E0097,R001,Refund Delay,High,Closed,72,112,2
CMP000302,2025-06-20,C00381,P0015,E0022,R003,Refund Delay,Medium,Closed,48,42,5
CMP000303,2025-08-17,C00272,P0009,E0103,R001,Wrong Product,Critical,Closed,48,31,4
CMP000304,2025-11-08,C00213,P0069,E0075,R001,Refund Delay,High,Closed,24,88,3
CMP000305,2026-01-07,C00129,P0096,E0025,R004,Product Quality,Low,Closed,24,134,4
CMP000306,2025-12-19,C00498,P0023,E0016,R002,Delivery Delay,Low,Closed,24,56,4
CMP000307,2026-01-31,C00377,P0017,E0045,R003,Refund Delay,High,Open,24,71,
CMP000308,2025-06-11,C00529,P0093,E0044,R001,Billing Issue,Medium,Closed,24,22,2
CMP000309,2026-08-23,C00449,P0101,E0106,R007,Wrong Product,High,Closed,24,90,3
CMP000310,2025-07-13,C00079,P0105,E0004,R008,Refund Delay,Medium,Closed,48,75,2
CMP000311,2026-08-31,C00198,P0041,E0092,R003,Wrong Product,High,Closed,24,93,3
CMP000312,2026-03-02,C00495,P0029,E0064,R007,Billing Issue,Low,Closed,48,116,5
CMP000313,2026-05-30,C00095,P0009,E0076,R008,Damaged Product,Medium,Closed,72,7,3
CMP000315,2026-02-02,C00100,P0117,E0038,R002,Billing Issue,Critical,Open,72,64,
CMP000316,2026-03-28,C00441,P0023,E0016,R002,Billing Issue,Critical,Closed,72,111,4
CMP000317,2025-07-25,C00487,P0027,E0047,R003,Delivery Delay,Low,Closed,72,121,2
CMP000318,2026-02-04,C00453,P0137,E0109,R001,Refund Delay,Critical,Closed,48,129,3
CMP000319,2025-08-26,C00088,P0145,E0007,R002,Billing Issue,High,Closed,48,66,4
CMP000320,2026-03-06,C00534,P0136,E0043,R001,Damaged Product,Critical,Closed,72,93,4
CMP000321,2026-04-13,C00166,P0020,E0029,R006,Billing Issue,Critical,Open,48,55,
CMP000322,2026-07-13,C00204,P0081,E0045,R003,Wrong Product,Critical,Closed,48,63,2
CMP000323,2026-05-26,C00586,P0069,E0034,R001,Delivery Delay,Medium,Closed,24,56,4
CMP000324,2026-08-13,C00395,P0027,E0091,R002,Wrong Product,Medium,Closed,48,105,2
CMP000325,2026-02-08,C00194,P0055,E0012,R004,Delivery Delay,Low,Pending,72,48,
CMP000326,2026-08-15,C00034,P0064,E0100,R005,Billing Issue,Medium,Closed,72,81,2
CMP000327,2026-03-07,C00411,P0017,E0001,R002,Damaged Product,Medium,Closed,24,33,4
CMP000328,2026-05-26,C00419,P0004,E0088,R006,Product Quality,High,Closed,72,90,5
CMP000329,2026-06-24,C00111,P0133,E0057,R001,Refund Delay,High,Pending,48,107,
CMP000330,2026-07-13,C00114,P0056,E0036,R004,Product Quality,Medium,Pending,72,140,
CMP000331,2026-01-02,C00138,P0054,E0060,R001,Refund Delay,Critical,Pending,72,60,
CMP000332,2025-12-15,C00177,P0032,E0093,R005,Delivery Delay,Medium,Closed,24,20,3
CMP000333,2026-04-09,C00358,P0118,E0023,R004,Wrong Product,High,Pending,48,122,
CMP000334,2026-06-20,C00430,P0083,E0088,R006,Wrong Product,Critical,Open,24,67,
CMP000335,2026-01-14,C00207,P0065,E0072,R001,Billing Issue,Critical,Closed,72,99,2
CMP000336,2025-12-07,C00096,P0115,E0109,R001,Billing Issue,Low,Pending,24,62,
CMP000337,2025-12-11,C00505,P0118,E0020,R001,Billing Issue,Medium,Closed,72,28,3
CMP000339,2025-09-22,C00227,P0127,E0048,R005,Damaged Product,Low,Closed,72,18,5
CMP000340,2026-07-19,C00097,P0007,E0020,R001,Billing Issue,High,Closed,72,68,1
CMP000341,2026-08-23,C00546,P0037,E0093,R005,Refund Delay,Low,Closed,24,50,5
CMP000342,2026-07-12,C00117,P0137,E0089,R008,Damaged Product,Low,Pending,24,5,
CMP000343,2026-06-17,C00506,P0069,E0107,R005,Product Quality,Low,Closed,48,115,5
CMP000344,2025-08-05,C00517,P0104,E0095,R005,Product Quality,Critical,Pending,48,105,
CMP000345,2026-08-09,C00242,P0138,E0072,R001,Delivery Delay,Critical,Closed,48,47,3
CMP000346,2025-11-09,C00357,P0102,E0071,R007,Billing Issue,Medium,Pending,24,8,
CMP000347,2026-02-21,C00225,P0043,E0117,R004,Refund Delay,Medium,Pending,72,119,
CMP000348,2025-07-04,C00529,P0015,E0052,R007,Delivery Delay,Critical,Pending,24,41,
CMP000349,2026-03-23,C00006,P0146,E0017,R002,Wrong Product,Medium,Closed,72,59,4
CMP000350,2025-06-13,C00475,P0139,E0009,R002,Refund Delay,High,Open,48,17,
CMP000351,2025-08-13,C00071,P0084,E0065,R005,Refund Delay,Low,Open,24,111,
CMP000352,2025-08-23,C00011,P0044,E0017,R002,Damaged Product,Medium,Closed,48,26,5
CMP000353,2026-03-14,C00488,P0026,E0072,R001,Damaged Product,Critical,Closed,48,114,3
CMP000354,2026-04-24,C00163,P0021,E0082,R008,Delivery Delay,Critical,Pending,72,133,
CMP000355,2026-05-08,C00340,P0057,E0023,R004,Damaged Product,Critical,Closed,72,140,5
CMP000356,2026-05-03,C00213,P0069,E0007,R002,Wrong Product,Critical,Pending,24,63,
CMP000357,2026-08-02,C00338,P0054,E0105,R005,Product Quality,Medium,Closed,48,44,3
CMP000358,2025-10-16,C00585,P0010,E0049,R006,Billing Issue,Low,Closed,72,89,3
CMP000359,2025-06-25,C00589,P0041,E0113,R007,Wrong Product,Low,Closed,48,117,5
CMP000360,2026-08-27,C00135,P0020,E0101,R005,Product Quality,Low,Open,72,106,
CMP000361,2025-06-24,C00174,P0093,E0039,R005,Billing Issue,Low,Closed,24,61,1
CMP000362,2025-12-24,C00089,P0088,E0052,R007,Damaged Product,Low,Closed,72,68,1
CMP000363,2025-09-11,C00558,P0071,E0066,R004,Damaged Product,Critical,Closed,24,133,3
CMP000364,2026-02-12,C00497,P0140,E0012,R004,Product Quality,Medium,Closed,48,112,3
CMP000365,2026-03-05,C00342,P0028,E0118,R007,Wrong Product,Critical,Closed,24,29,5
CMP000366,2026-04-18,C00353,P0098,E0088,R006,Product Quality,High,Closed,72,50,3
CMP000367,2025-07-15,C00258,P0083,E0111,R004,Wrong Product,High,Closed,72,24,3
CMP000368,2025-08-12,C00314,P0048,E0025,R004,Damaged Product,High,Closed,48,32,2
CMP000369,2026-08-31,C00566,P0145,E0114,R003,Delivery Delay,Critical,Closed,48,132,1
CMP000370,2026-01-08,C00481,P0017,E0017,R002,Product Quality,Critical,Pending,48,40,
CMP000371,2026-03-11,C00195,P0128,E0024,R002,Product Quality,Medium,Pending,72,126,
CMP000372,2026-02-15,C00360,P0093,E0089,R008,Wrong Product,Critical,Pending,48,61,
CMP000373,2026-02-01,C00390,P0104,E0005,R005,Billing Issue,Medium,Closed,48,5,4
CMP000374,2025-08-04,C00158,P0064,E0036,R004,Delivery Delay,High,Closed,72,119,3
CMP000375,2026-08-27,C00198,P0007,E0079,R001,Product Quality,Low,Pending,48,118,
CMP000376,2026-04-18,C00007,P0054,E0079,R001,Delivery Delay,Low,Closed,48,35,4
CMP000377,2025-11-03,C00428,P0065,E0077,R002,Damaged Product,Low,Closed,48,25,2
CMP000378,2026-06-11,C00138,P0014,E0035,R002,Delivery Delay,Low,Closed,24,76,5
CMP000379,2026-02-24,C00471,P0080,E0117,R004,Delivery Delay,Medium,Closed,24,112,5
CMP000380,2026-04-17,C00144,P0118,E0084,R006,Damaged Product,Low,Pending,72,137,
CMP000381,2026-02-01,C00291,P0107,E0092,R003,Product Quality,Medium,Closed,48,121,3
CMP000382,2025-06-04,C00330,P0128,E0119,R002,Wrong Product,Low,Closed,48,70,1
CMP000383,2026-08-14,C00210,P0094,E0033,R008,Product Quality,High,Closed,72,52,5
CMP000384,2025-12-29,C00122,P0150,E0040,R005,Billing Issue,High,Open,24,129,
CMP000385,2026-05-07,C00374,P0018,E0046,R004,Billing Issue,High,Closed,48,117,1
CMP000386,2025-08-15,C00103,P0076,E0058,R008,Billing Issue,High,Closed,24,47,4
CMP000387,2025-12-28,C00077,P0111,E0014,R005,Delivery Delay,Critical,Open,24,26,
CMP000388,2025-06-26,C00242,P0101,E0003,R001,Damaged Product,Medium,Closed,48,138,1
CMP000389,2026-02-28,C00392,P0136,E0083,R004,Wrong Product,Critical,Closed,72,46,4
CMP000390,2026-06-07,C00014,P0098,E0001,R002,Wrong Product,Medium,Closed,24,8,1
CMP000391,2025-12-10,C00082,P0085,E0075,R001,Damaged Product,High,Open,48,101,
CMP000392,2025-09-01,C00361,P0050,E0025,R004,Wrong Product,Low,Closed,72,101,1
CMP000393,2025-12-24,C00567,P0052,E0074,R005,Refund Delay,High,Open,48,89,
CMP000394,2026-08-11,C00112,P0139,E0041,R002,Damaged Product,Low,Closed,48,15,3
CMP000395,2025-09-15,C00199,P0034,E0058,R008,Delivery Delay,Low,Closed,48,10,3
CMP000396,2025-06-06,C00233,P0007,E0071,R007,Refund Delay,High,Closed,24,78,5
CMP000397,2025-10-14,C00436,P0035,E0044,R001,Damaged Product,Low,Pending,48,90,
CMP000398,2026-02-12,C00047,P0095,E0046,R004,Wrong Product,High,Closed,72,95,3
CMP000399,2026-07-28,C00576,P0096,E0101,R005,Refund Delay,High,Closed,24,122,3
CMP000400,2025-06-06,C00582,P0019,E0054,R004,Delivery Delay,High,Closed,72,133,1
CMP000401,2025-11-07,C00285,P0014,E0089,R008,Wrong Product,Critical,Closed,24,88,2
CMP000402,2026-06-15,C00133,P0092,E0077,R002,Product Quality,Medium,Closed,24,8,1
CMP000403,2026-06-28,C00478,P0086,E0024,R002,Wrong Product,Medium,Closed,48,89,4
CMP000404,2025-09-23,C00150,P0110,E0100,R005,Damaged Product,Critical,Closed,72,121,1
CMP000405,2026-01-07,C00328,P0031,E0119,R002,Delivery Delay,Critical,Closed,72,95,3
CMP000406,2026-02-01,C00213,P0082,E0075,R001,Delivery Delay,High,Pending,72,99,
CMP000407,2025-07-05,C00082,P0012,E0079,R001,Wrong Product,Critical,Closed,24,41,5
CMP000408,2025-10-20,C00246,P0007,E0119,R002,Billing Issue,Low,Closed,72,58,4
CMP000409,2026-01-31,C00033,P0062,E0025,R004,Billing Issue,High,Closed,24,119,3
CMP000410,2026-02-21,C00549,P0108,E0108,R002,Delivery Delay,Critical,Closed,72,50,3
CMP000411,2025-12-01,C00505,P0013,E0077,R002,Wrong Product,Critical,Closed,72,116,2
CMP000412,2025-12-21,C00327,P0136,E0078,R002,Delivery Delay,Medium,Closed,24,130,4
CMP000413,2026-03-19,C00212,P0081,E0025,R004,Billing Issue,High,Closed,72,124,1
CMP000414,2025-08-29,C00460,P0003,E0051,R006,Product Quality,Medium,Closed,48,115,3
CMP000415,2025-07-18,C00151,P0003,E0027,R008,Wrong Product,Low,Closed,24,29,1
CMP000416,2025-11-09,C00128,P0121,E0053,R004,Delivery Delay,Critical,Closed,72,46,2
CMP000417,2026-06-29,C00381,P0011,E0005,R005,Wrong Product,Low,Closed,24,31,3
CMP000418,2025-08-05,C00461,P0116,E0107,R005,Delivery Delay,Critical,Closed,72,73,3
CMP000419,2026-04-19,C00088,P0040,E0093,R005,Delivery Delay,Medium,Closed,24,73,3
CMP000420,2026-01-14,C00023,P0062,E0068,R007,Delivery Delay,Low,Closed,24,31,3
CMP000421,2025-12-31,C00464,P0085,E0039,R005,Wrong Product,High,Closed,72,62,2
CMP000422,2025-08-27,C00342,P0025,E0017,R002,Product Quality,Critical,Closed,48,58,2
CMP000423,2026-04-25,C00142,P0004,E0051,R006,Refund Delay,Critical,Pending,48,34,
CMP000424,2026-01-04,C00215,P0130,E0054,R004,Damaged Product,Critical,Closed,24,17,1
CMP000425,2025-09-01,C00488,P0038,E0011,R008,Billing Issue,Low,Closed,72,52,5
CMP000426,2026-07-09,C00294,P0096,E0009,R002,Damaged Product,High,Closed,48,78,1
CMP000427,2026-06-17,C00490,P0097,E0030,R003,Product Quality,Medium,Pending,48,120,
CMP000428,2026-04-05,C00213,P0057,E0010,R004,Refund Delay,Medium,Closed,48,97,2
CMP000429,2026-07-30,C00019,P0082,E0021,R001,Refund Delay,Critical,Open,24,6,
CMP000430,2025-09-30,C00475,P0104,E0091,R002,Refund Delay,Medium,Closed,48,74,5
CMP000431,2025-08-01,C00321,P0146,E0117,R004,Billing Issue,Low,Closed,72,31,1
CMP000432,2026-03-21,C00117,P0011,E0088,R006,Refund Delay,Medium,Pending,24,16,
CMP000433,2026-04-01,C00028,P0028,E0053,R004,Billing Issue,High,Closed,72,136,4
CMP000434,2025-06-10,C00311,P0138,E0094,R002,Refund Delay,High,Closed,72,122,3
CMP000435,2026-06-09,C00515,P0088,E0074,R005,Delivery Delay,High,Closed,24,34,4
CMP000436,2026-06-19,C00187,P0096,E0119,R002,Billing Issue,Critical,Closed,48,129,5
CMP000437,2026-02-15,C00135,P0040,E0029,R006,Refund Delay,Medium,Closed,72,35,1
CMP000438,2026-05-28,C00417,P0089,E0012,R004,Wrong Product,Medium,Pending,72,39,
CMP000439,2026-04-25,C00095,P0088,E0093,R005,Refund Delay,Low,Open,24,52,
CMP000440,2025-11-20,C00055,P0069,E0053,R004,Billing Issue,High,Closed,48,126,5
CMP000441,2025-09-19,C00300,P0102,E0040,R005,Product Quality,Medium,Pending,72,9,
CMP000442,2025-09-20,C00449,P0106,E0120,R002,Damaged Product,Medium,Pending,72,119,
CMP000443,2026-01-17,C00064,P0107,E0072,R001,Delivery Delay,High,Closed,72,14,3
CMP000444,2026-01-20,C00549,P0124,E0061,R004,Damaged Product,Low,Open,48,89,
CMP000445,2025-10-21,C00151,P0023,E0001,R002,Product Quality,Critical,Pending,72,22,
CMP000446,2025-08-16,C00330,P0114,E0035,R002,Wrong Product,High,Closed,24,14,5
CMP000447,2025-10-17,C00100,P0098,E0073,R006,Billing Issue,Critical,Pending,48,122,
CMP000448,2025-12-03,C00166,P0146,E0010,R004,Refund Delay,Medium,Closed,48,134,5
CMP000449,2026-06-07,C00301,P0110,E0063,R004,Billing Issue,High,Closed,48,94,4
CMP000450,2026-07-26,C00508,P0085,E0004,R008,Billing Issue,High,Open,48,100,
CMP000451,2025-07-20,C00483,P0009,E0007,R002,Damaged Product,Medium,Closed,24,62,2
CMP000452,2026-06-25,C00072,P0121,E0044,R001,Damaged Product,Critical,Closed,72,32,5
CMP000453,2026-08-14,C00412,P0114,E0086,R008,Delivery Delay,Critical,Pending,72,80,
CMP000454,2025-12-30,C00053,P0110,E0029,R006,Product Quality,Medium,Closed,48,6,2
CMP000455,2025-09-30,C00402,P0103,E0061,R004,Delivery Delay,Medium,Closed,72,83,3
CMP000456,2026-08-31,C00426,P0072,E0089,R008,Refund Delay,Critical,Open,72,117,
CMP000457,2025-07-07,C00586,P0110,E0087,R002,Billing Issue,High,Open,48,47,
CMP000458,2026-07-12,C00173,P0050,E0102,R008,Billing Issue,Critical,Closed,24,17,1
CMP000459,2026-04-28,C00551,P0008,E0080,R001,Refund Delay,Medium,Closed,48,137,2
CMP000460,2026-03-20,C00155,P0039,E0026,R006,Refund Delay,Medium,Open,48,46,
CMP000461,2025-10-23,C00259,P0125,E0006,R002,Delivery Delay,Medium,Open,24,101,
CMP000462,2025-10-05,C00266,P0064,E0039,R005,Refund Delay,Medium,Closed,72,58,4
CMP000463,2025-09-14,C00127,P0032,E0009,R002,Product Quality,Low,Open,24,13,
CMP000464,2026-04-08,C00513,P0100,E0079,R001,Damaged Product,Medium,Closed,24,112,1
CMP000465,2025-08-22,C00390,P0078,E0007,R002,Refund Delay,Low,Closed,24,133,4
CMP000466,2026-01-01,C00046,P0013,E0084,R006,Damaged Product,Critical,Open,24,64,
CMP000467,2025-12-24,C00506,P0084,E0083,R004,Refund Delay,High,Closed,24,82,4
CMP000468,2025-08-21,C00521,P0094,E0052,R007,Billing Issue,Critical,Open,72,117,
CMP000469,2025-11-10,C00045,P0112,E0057,R001,Delivery Delay,Critical,Closed,48,70,1
CMP000470,2025-07-17,C00210,P0140,E0078,R002,Refund Delay,Low,Open,48,110,
CMP000471,2026-08-20,C00590,P0131,E0027,R008,Delivery Delay,High,Closed,24,79,2
CMP000472,2025-06-02,C00218,P0010,E0056,R003,Damaged Product,Medium,Closed,72,72,2
CMP000473,2025-11-02,C00114,P0041,E0007,R002,Wrong Product,High,Closed,72,123,3
CMP000474,2026-05-07,C00393,P0037,E0049,R006,Delivery Delay,Critical,Closed,48,8,3
CMP000475,2025-12-01,C00128,P0076,E0091,R002,Delivery Delay,High,Closed,48,42,3
CMP000476,2025-11-23,C00281,P0005,E0073,R006,Wrong Product,High,Closed,48,59,1
CMP000477,2025-12-30,C00105,P0104,E0035,R002,Billing Issue,Low,Closed,48,72,3
CMP000478,2025-10-28,C00415,P0034,E0049,R006,Refund Delay,Low,Closed,48,59,1
CMP000479,2025-10-10,C00522,P0073,E0011,R008,Billing Issue,Low,Closed,24,20,1
CMP000480,2025-12-31,C00137,P0139,E0068,R007,Damaged Product,Critical,Closed,24,85,2
CMP000481,2026-04-14,C00273,P0084,E0011,R008,Wrong Product,Medium,Open,48,8,
CMP000482,2026-03-09,C00104,P0079,E0101,R005,Product Quality,Critical,Closed,48,70,1
CMP000483,2025-10-13,C00191,P0096,E0010,R004,Wrong Product,Low,Closed,24,44,4
CMP000484,2025-08-24,C00311,P0073,E0001,R002,Delivery Delay,Low,Closed,24,30,5
CMP000485,2025-12-03,C00124,P0150,E0019,R002,Delivery Delay,Critical,Closed,24,12,5
CMP000486,2025-10-13,C00355,P0109,E0092,R003,Billing Issue,Critical,Closed,48,139,3
CMP000487,2026-08-17,C00125,P0047,E0115,R005,Delivery Delay,Low,Closed,48,105,4
CMP000488,2025-09-10,C00436,P0116,E0067,R007,Delivery Delay,Critical,Closed,48,109,4
CMP000489,2026-08-10,C00539,P0130,E0041,R002,Refund Delay,Medium,Closed,24,50,4
CMP000490,2025-10-30,C00483,P0119,E0035,R002,Refund Delay,Critical,Closed,72,41,5
CMP000491,2026-06-15,C00182,P0057,E0087,R002,Billing Issue,Critical,Pending,48,132,
CMP000492,2025-10-03,C00547,P0104,E0094,R002,Damaged Product,High,Closed,48,12,2
CMP000493,2025-08-10,C00100,P0007,E0075,R001,Product Quality,Low,Closed,24,23,4
CMP000494,2026-02-15,C00060,P0087,E0092,R003,Wrong Product,Low,Closed,72,64,5
CMP000495,2026-03-20,C00157,P0113,E0040,R005,Damaged Product,Low,Closed,72,80,4
CMP000496,2026-06-03,C00317,P0126,E0098,R003,Refund Delay,Medium,Open,72,96,
CMP000497,2025-06-24,C00360,P0015,E0057,R001,Billing Issue,Medium,Closed,72,113,4
CMP000498,2026-05-24,C00409,P0130,E0009,R002,Billing Issue,High,Open,48,75,
CMP000499,2026-05-19,C00338,P0094,E0029,R006,Wrong Product,Medium,Closed,48,97,1
CMP000500,2026-08-24,C00223,P0120,E0037,R004,Damaged Product,Medium,Closed,48,118,1
CMP000501,2025-11-05,C00420,P0068,E0060,R001,Product Quality,High,Closed,72,116,2
CMP000502,2026-07-15,C00151,P0071,E0064,R007,Damaged Product,Critical,Closed,72,65,5
CMP000503,2025-06-01,C00591,P0110,E0026,R006,Wrong Product,High,Closed,24,44,2
CMP000504,2025-11-24,C00189,P0066,E0116,R008,Wrong Product,Critical,Closed,72,42,5
CMP000505,2025-09-23,C00270,P0108,E0071,R007,Delivery Delay,Low,Closed,72,131,2
CMP000506,2026-03-13,C00428,P0025,E0033,R008,Wrong Product,Low,Pending,72,25,
CMP000507,2026-02-07,C00517,P0076,E0060,R001,Wrong Product,High,Closed,24,16,3
CMP000509,2025-10-06,C00572,P0052,E0081,R007,Damaged Product,Critical,Pending,72,68,
CMP000510,2026-02-10,C00389,P0048,E0021,R001,Product Quality,Critical,Open,72,22,
CMP000511,2026-05-17,C00427,P0023,E0066,R004,Delivery Delay,Low,Closed,24,27,3
CMP000512,2025-12-27,C00315,P0051,E0027,R008,Billing Issue,Critical,Closed,24,133,2
CMP000513,2025-06-05,C00556,P0135,E0106,R007,Refund Delay,Low,Closed,72,10,1
CMP000514,2025-06-18,C00398,P0064,E0105,R005,Product Quality,Medium,Closed,24,97,3
CMP000515,2026-04-14,C00570,P0051,E0048,R005,Wrong Product,Critical,Closed,24,57,1
CMP000516,2026-07-10,C00174,P0086,E0015,R008,Wrong Product,Critical,Closed,24,62,3
CMP000517,2026-04-04,C00202,P0034,E0102,R008,Delivery Delay,High,Closed,24,124,4
CMP000518,2025-08-30,C00338,P0136,E0100,R005,Refund Delay,Low,Closed,24,58,2
CMP000520,2025-11-12,C00121,P0091,E0079,R001,Refund Delay,Critical,Closed,72,29,3
CMP000521,2025-08-02,C00060,P0055,E0061,R004,Refund Delay,High,Closed,72,73,2
CMP000522,2026-06-24,C00292,P0108,E0002,R002,Damaged Product,Critical,Closed,48,33,2
CMP000523,2025-12-02,C00343,P0086,E0022,R003,Billing Issue,Critical,Open,48,18,
CMP000524,2025-07-04,C00115,P0049,E0051,R006,Delivery Delay,Medium,Closed,72,133,3
CMP000525,2026-01-10,C00279,P0024,E0030,R003,Refund Delay,Medium,Closed,24,59,5
CMP000526,2026-06-28,C00202,P0098,E0087,R002,Delivery Delay,High,Closed,24,69,4
CMP000527,2026-06-08,C00382,P0097,E0029,R006,Damaged Product,High,Closed,24,46,1
CMP000528,2026-08-16,C00256,P0129,E0119,R002,Billing Issue,Critical,Closed,48,44,5
CMP000529,2026-08-27,C00108,P0133,E0037,R004,Billing Issue,High,Closed,48,100,2
CMP000530,2026-07-26,C00008,P0087,E0004,R008,Billing Issue,Low,Open,48,18,
CMP000531,2026-08-23,C00176,P0049,E0006,R002,Damaged Product,Low,Closed,48,112,1
CMP000532,2025-08-19,C00471,P0117,E0022,R003,Billing Issue,High,Pending,24,40,
CMP000533,2025-11-06,C00155,P0088,E0012,R004,Refund Delay,Low,Closed,24,113,2
CMP000534,2025-08-30,C00260,P0029,E0029,R006,Wrong Product,Critical,Closed,24,75,4
CMP000535,2025-06-08,C00440,P0122,E0013,R004,Billing Issue,Low,Closed,24,88,4
CMP000536,2025-08-24,C00346,P0075,E0052,R007,Wrong Product,Low,Closed,72,140,1
CMP000537,2025-12-12,C00172,P0040,E0061,R004,Refund Delay,High,Closed,48,117,1
CMP000538,2025-07-12,C00552,P0118,E0087,R002,Billing Issue,Critical,Closed,24,54,1
CMP000539,2025-09-07,C00516,P0102,E0037,R004,Billing Issue,Critical,Closed,48,22,3
CMP000540,2025-07-07,C00566,P0122,E0117,R004,Damaged Product,Low,Closed,48,36,4
CMP000541,2025-10-17,C00490,P0017,E0042,R005,Refund Delay,Medium,Closed,24,111,4
CMP000542,2025-12-16,C00267,P0077,E0046,R004,Wrong Product,Low,Open,72,25,
CMP000543,2025-07-23,C00199,P0140,E0012,R004,Damaged Product,High,Pending,48,92,
CMP000544,2025-08-01,C00077,P0086,E0046,R004,Damaged Product,Critical,Closed,24,55,2
CMP000545,2025-07-31,C00281,P0042,E0071,R007,Delivery Delay,High,Closed,48,89,4
CMP000546,2025-07-16,C00006,P0116,E0106,R007,Damaged Product,High,Closed,72,96,2
CMP000547,2025-11-15,C00299,P0043,E0071,R007,Product Quality,Low,Closed,72,132,2
CMP000548,2026-02-10,C00296,P0039,E0100,R005,Wrong Product,Medium,Closed,72,24,1
CMP000549,2025-09-22,C00128,P0009,E0051,R006,Wrong Product,High,Closed,72,12,1
CMP000550,2026-06-26,C00416,P0014,E0083,R004,Product Quality,Low,Closed,72,76,4
CMP000551,2026-06-19,C00321,P0081,E0069,R007,Delivery Delay,Low,Closed,48,23,3
CMP000552,2026-08-30,C00293,P0091,E0118,R007,Wrong Product,Critical,Pending,24,101,
CMP000553,2025-08-09,C00217,P0069,E0096,R007,Refund Delay,Medium,Closed,72,79,2
CMP000554,2026-05-24,C00367,P0004,E0097,R001,Billing Issue,Critical,Closed,24,6,2
CMP000555,2026-02-16,C00081,P0070,E0045,R003,Billing Issue,Critical,Closed,72,105,1
CMP000556,2025-10-19,C00491,P0025,E0048,R005,Refund Delay,Medium,Closed,24,110,4
CMP000557,2025-11-14,C00171,P0042,E0093,R005,Product Quality,High,Closed,24,135,1
CMP000558,2026-05-27,C00009,P0011,E0062,R007,Delivery Delay,High,Closed,72,102,2
CMP000559,2026-07-29,C00188,P0098,E0023,R004,Refund Delay,High,Closed,48,64,4
CMP000560,2025-07-13,C00420,P0104,E0019,R002,Damaged Product,High,Closed,72,51,1
CMP000561,2026-01-03,C00002,P0081,E0085,R005,Billing Issue,Low,Open,24,76,
CMP000562,2026-03-21,C00380,P0051,E0018,R003,Damaged Product,Critical,Closed,24,73,1
CMP000563,2025-08-02,C00595,P0006,E0020,R001,Billing Issue,High,Closed,48,98,4
CMP000564,2025-08-04,C00397,P0096,E0062,R007,Damaged Product,Medium,Closed,24,25,5
CMP000565,2026-08-09,C00547,P0059,E0015,R008,Damaged Product,Low,Closed,24,90,3
CMP000566,2026-04-11,C00556,P0018,E0010,R004,Refund Delay,Low,Closed,48,90,3
CMP000567,2026-07-23,C00520,P0095,E0079,R001,Product Quality,High,Open,24,97,
CMP000568,2026-06-17,C00302,P0028,E0057,R001,Product Quality,High,Closed,24,132,2
CMP000569,2026-01-23,C00040,P0086,E0031,R001,Damaged Product,Medium,Closed,24,36,3
CMP000570,2025-11-29,C00401,P0114,E0048,R005,Product Quality,Low,Closed,48,47,3
CMP000571,2025-11-10,C00596,P0117,E0076,R008,Delivery Delay,Low,Open,48,111,
CMP000572,2026-03-06,C00010,P0129,E0048,R005,Refund Delay,High,Closed,24,77,3
CMP000573,2026-07-09,C00006,P0037,E0095,R005,Product Quality,Medium,Pending,72,101,
CMP000574,2025-09-02,C00483,P0006,E0075,R001,Damaged Product,High,Closed,48,102,3
CMP000575,2026-02-08,C00437,P0055,E0088,R006,Wrong Product,Low,Pending,48,33,
CMP000576,2025-07-21,C00272,P0133,E0119,R002,Product Quality,High,Open,48,121,
CMP000577,2025-11-07,C00141,P0107,E0009,R002,Refund Delay,Low,Closed,48,12,5
CMP000578,2025-10-12,C00043,P0116,E0081,R007,Product Quality,Critical,Closed,48,118,3
CMP000579,2026-04-20,C00084,P0078,E0106,R007,Product Quality,Low,Closed,48,26,4
CMP000580,2025-11-24,C00159,P0064,E0033,R008,Product Quality,Medium,Closed,24,24,3
CMP000581,2026-04-24,C00158,P0036,E0002,R002,Product Quality,Medium,Closed,48,119,5
CMP000582,2026-06-15,C00074,P0035,E0049,R006,Refund Delay,Low,Closed,24,44,3
CMP000583,2025-09-15,C00107,P0117,E0041,R002,Refund Delay,Low,Closed,72,116,2
CMP000584,2026-07-09,C00405,P0119,E0115,R005,Refund Delay,High,Closed,48,33,4
CMP000585,2026-07-25,C00157,P0038,E0032,R001,Billing Issue,Medium,Closed,24,47,3
CMP000586,2026-04-02,C00059,P0121,E0047,R003,Refund Delay,Low,Closed,48,11,2
CMP000587,2025-09-13,C00413,P0020,E0059,R006,Refund Delay,Medium,Closed,72,27,5
CMP000588,2025-09-23,C00231,P0046,E0040,R005,Delivery Delay,Medium,Open,48,137,
CMP000589,2026-05-17,C00521,P0130,E0024,R002,Refund Delay,Medium,Closed,24,7,1
CMP000590,2025-10-10,C00307,P0079,E0064,R007,Refund Delay,Medium,Closed,72,115,4
CMP000591,2025-12-17,C00176,P0147,E0102,R008,Product Quality,High,Closed,72,129,2
CMP000592,2026-07-05,C00519,P0142,E0015,R008,Wrong Product,Medium,Closed,72,79,2
CMP000593,2025-12-30,C00152,P0056,E0070,R004,Billing Issue,Low,Open,48,19,
CMP000594,2025-11-16,C00259,P0044,E0050,R005,Delivery Delay,Critical,Closed,24,97,3
CMP000595,2026-05-03,C00514,P0071,E0035,R002,Billing Issue,Medium,Pending,24,23,
CMP000596,2026-01-06,C00357,P0128,E0101,R005,Delivery Delay,Medium,Closed,48,111,1
CMP000597,2025-08-13,C00465,P0076,E0116,R008,Refund Delay,Low,Closed,24,29,4
CMP000598,2026-07-16,C00569,P0021,E0046,R004,Damaged Product,Medium,Closed,72,39,5
CMP000599,2025-11-03,C00471,P0021,E0058,R008,Product Quality,Medium,Closed,48,43,2
CMP000600,2025-12-15,C00378,P0044,E0059,R006,Damaged Product,Low,Closed,24,17,2
CMP000601,2025-09-28,C00019,P0093,E0045,R003,Product Quality,High,Closed,72,18,5
CMP000602,2025-07-07,C00034,P0150,E0019,R002,Product Quality,Critical,Closed,24,89,4
CMP000603,2025-08-13,C00549,P0144,E0007,R002,Billing Issue,Critical,Closed,48,48,5
CMP000604,2026-07-16,C00216,P0068,E0022,R003,Damaged Product,Medium,Closed,24,59,1
CMP000605,2026-08-13,C00588,P0092,E0013,R004,Product Quality,Critical,Closed,24,125,4
CMP000606,2026-01-24,C00360,P0147,E0049,R006,Damaged Product,Low,Closed,24,83,2
CMP000607,2026-06-01,C00373,P0109,E0026,R006,Delivery Delay,Medium,Closed,24,117,5
CMP000608,2026-04-22,C00416,P0112,E0021,R001,Billing Issue,Medium,Closed,72,14,2
CMP000610,2026-05-04,C00287,P0069,E0086,R008,Wrong Product,Critical,Closed,24,53,4
CMP000611,2025-07-31,C00569,P0059,E0015,R008,Wrong Product,Critical,Pending,24,93,
CMP000612,2025-10-13,C00357,P0059,E0040,R005,Delivery Delay,Medium,Open,24,42,
CMP000613,2025-06-19,C00169,P0126,E0002,R002,Damaged Product,High,Closed,72,15,3
CMP000614,2025-07-21,C00314,P0117,E0119,R002,Wrong Product,Critical,Closed,48,123,3
CMP000615,2026-08-14,C00379,P0046,E0034,R001,Refund Delay,Medium,Closed,48,17,1
CMP000616,2025-07-15,C00008,P0070,E0069,R007,Refund Delay,High,Closed,24,56,1
CMP000617,2025-11-03,C00490,P0072,E0011,R008,Wrong Product,Critical,Pending,72,33,
CMP000618,2026-01-09,C00283,P0119,E0036,R004,Damaged Product,Low,Closed,72,119,2
CMP000619,2025-07-31,C00539,P0148,E0107,R005,Damaged Product,High,Closed,48,126,5
CMP000620,2025-06-24,C00173,P0079,E0013,R004,Damaged Product,Critical,Closed,48,139,5
CMP000621,2026-07-28,C00145,P0067,E0073,R006,Billing Issue,Critical,Pending,48,92,
CMP000622,2026-03-19,C00563,P0075,E0089,R008,Billing Issue,Critical,Closed,24,7,2
CMP000623,2025-10-13,C00016,P0029,E0095,R005,Damaged Product,High,Closed,48,19,2
CMP000624,2025-08-08,C00072,P0073,E0048,R005,Damaged Product,High,Closed,24,11,3
CMP000625,2025-07-01,C00244,P0030,E0002,R002,Product Quality,Critical,Closed,24,71,2
CMP000626,2025-08-22,C00519,P0007,E0097,R001,Billing Issue,Medium,Closed,72,29,1
CMP000627,2026-01-31,C00003,P0064,E0114,R003,Wrong Product,High,Open,24,16,
CMP000628,2026-03-18,C00250,P0110,E0099,R008,Refund Delay,Low,Pending,72,14,
CMP000629,2026-08-09,C00100,P0022,E0022,R003,Damaged Product,Low,Closed,48,68,4
CMP000630,2025-09-26,C00347,P0028,E0044,R001,Wrong Product,Low,Pending,24,20,
CMP000631,2025-12-27,C00581,P0065,E0011,R008,Delivery Delay,Low,Closed,72,25,1
CMP000632,2026-02-26,C00047,P0135,E0030,R003,Damaged Product,Critical,Pending,48,18,
CMP000633,2026-07-06,C00029,P0056,E0098,R003,Wrong Product,Medium,Closed,24,114,2
CMP000634,2026-03-20,C00444,P0101,E0021,R001,Product Quality,Low,Closed,72,130,1
CMP000635,2026-04-30,C00132,P0012,E0067,R007,Refund Delay,High,Closed,24,99,4
CMP000636,2025-08-23,C00471,P0025,E0097,R001,Product Quality,Critical,Closed,48,136,2
CMP000637,2025-12-06,C00169,P0065,E0011,R008,Billing Issue,Critical,Closed,48,40,3
CMP000638,2025-10-17,C00250,P0079,E0019,R002,Product Quality,Critical,Closed,24,102,3
CMP000639,2025-11-08,C00106,P0019,E0086,R008,Product Quality,High,Closed,48,116,5
CMP000640,2025-06-24,C00562,P0043,E0036,R004,Delivery Delay,Critical,Closed,48,97,5
CMP000641,2025-10-23,C00198,P0130,E0018,R003,Wrong Product,Low,Pending,24,105,
CMP000642,2025-08-08,C00006,P0123,E0049,R006,Wrong Product,Medium,Closed,48,47,5
CMP000643,2025-09-26,C00027,P0037,E0024,R002,Billing Issue,Medium,Closed,48,18,5
CMP000644,2026-02-09,C00491,P0013,E0018,R003,Wrong Product,Medium,Closed,72,38,2
CMP000645,2025-10-11,C00165,P0037,E0096,R007,Wrong Product,High,Closed,48,108,3
CMP000646,2025-12-16,C00466,P0039,E0106,R007,Billing Issue,Critical,Closed,24,133,5
CMP000647,2026-03-19,C00175,P0126,E0018,R003,Billing Issue,Low,Closed,72,133,5
CMP000648,2026-05-02,C00083,P0128,E0062,R007,Product Quality,Low,Closed,72,97,2
CMP000649,2026-02-10,C00457,P0019,E0039,R005,Wrong Product,Low,Closed,48,34,1
CMP000650,2025-10-20,C00349,P0136,E0027,R008,Refund Delay,High,Closed,48,44,5
CMP000651,2026-02-11,C00101,P0123,E0074,R005,Refund Delay,Critical,Closed,48,138,1
CMP000652,2026-01-21,C00228,P0110,E0011,R008,Damaged Product,Critical,Closed,48,108,5
CMP000653,2025-08-15,C00114,P0118,E0095,R005,Refund Delay,Medium,Closed,72,124,3
CMP000654,2025-09-27,C00583,P0022,E0071,R007,Wrong Product,Critical,Closed,24,87,3
CMP000655,2026-01-25,C00019,P0110,E0087,R002,Damaged Product,Critical,Open,48,71,
CMP000656,2025-11-03,C00581,P0019,E0068,R007,Wrong Product,High,Closed,72,130,1
CMP000657,2025-08-02,C00283,P0144,E0103,R001,Product Quality,Critical,Pending,24,87,
CMP000658,2025-12-08,C00364,P0145,E0092,R003,Delivery Delay,Medium,Closed,24,132,4
CMP000659,2025-09-04,C00352,P0084,E0045,R003,Refund Delay,Critical,Closed,24,81,2
CMP000660,2026-01-03,C00559,P0032,E0120,R002,Refund Delay,Medium,Closed,24,86,5
CMP000661,2025-06-30,C00591,P0027,E0029,R006,Damaged Product,Medium,Closed,72,66,2
CMP000662,2026-04-22,C00337,P0021,E0095,R005,Billing Issue,High,Closed,48,30,3
CMP000663,2025-06-06,C00259,P0055,E0080,R001,Wrong Product,Critical,Open,48,35,
CMP000664,2026-04-14,C00330,P0127,E0070,R004,Billing Issue,High,Closed,72,84,4
CMP000665,2026-02-19,C00335,P0002,E0060,R001,Product Quality,Low,Closed,24,7,3
CMP000666,2025-08-23,C00556,P0077,E0098,R003,Billing Issue,Medium,Closed,24,78,5
CMP000667,2025-11-14,C00503,P0090,E0084,R006,Billing Issue,Low,Open,48,119,
CMP000668,2025-06-22,C00087,P0107,E0011,R008,Delivery Delay,High,Pending,72,74,
CMP000669,2026-03-12,C00356,P0102,E0064,R007,Product Quality,Low,Open,24,83,
CMP000670,2026-08-28,C00068,P0052,E0027,R008,Wrong Product,Low,Closed,72,14,3
CMP000671,2025-08-18,C00075,P0144,E0101,R005,Wrong Product,Critical,Closed,48,33,2
CMP000672,2025-10-28,C00301,P0003,E0050,R005,Product Quality,High,Open,72,138,
CMP000673,2025-12-03,C00066,P0011,E0094,R002,Wrong Product,High,Closed,24,29,2
CMP000674,2026-01-02,C00082,P0049,E0052,R007,Billing Issue,Medium,Pending,48,39,
CMP000675,2026-04-20,C00001,P0127,E0117,R004,Wrong Product,Critical,Open,24,78,
CMP000676,2026-01-17,C00117,P0026,E0051,R006,Product Quality,Low,Closed,24,63,4
CMP000677,2026-02-15,C00579,P0031,E0068,R007,Refund Delay,Critical,Closed,48,66,4
CMP000678,2025-10-01,C00420,P0055,E0059,R006,Billing Issue,Low,Closed,24,105,2
CMP000679,2025-06-05,C00495,P0145,E0018,R003,Damaged Product,Critical,Closed,72,82,2
CMP000680,2026-07-01,C00360,P0047,E0069,R007,Wrong Product,Low,Closed,24,92,4
CMP000681,2025-07-01,C00339,P0130,E0006,R002,Delivery Delay,Low,Closed,72,122,5
CMP000682,2026-08-03,C00366,P0135,E0072,R001,Wrong Product,Critical,Closed,48,95,3
CMP000683,2025-07-18,C00477,P0125,E0045,R003,Refund Delay,Low,Closed,24,139,1
CMP000684,2025-08-29,C00290,P0055,E0102,R008,Billing Issue,Low,Closed,24,140,4
CMP000685,2026-03-30,C00099,P0028,E0054,R004,Billing Issue,High,Closed,24,38,5
CMP000686,2025-09-20,C00247,P0149,E0095,R005,Product Quality,Critical,Open,24,47,
CMP000687,2025-07-12,C00353,P0130,E0023,R004,Billing Issue,Critical,Closed,72,57,4
CMP000688,2026-03-30,C00600,P0094,E0118,R007,Product Quality,High,Pending,48,35,
CMP000689,2026-04-21,C00535,P0032,E0101,R005,Delivery Delay,High,Closed,48,130,5
CMP000690,2026-06-26,C00406,P0096,E0098,R003,Billing Issue,Low,Closed,24,120,1
CMP000691,2026-02-22,C00005,P0124,E0092,R003,Damaged Product,Medium,Closed,24,131,5
CMP000692,2026-08-31,C00014,P0065,E0054,R004,Refund Delay,Medium,Closed,72,140,2
CMP000693,2026-03-04,C00093,P0047,E0109,R001,Product Quality,Medium,Closed,48,10,4
CMP000694,2026-05-10,C00036,P0103,E0108,R002,Wrong Product,Medium,Closed,48,122,5
CMP000695,2025-10-28,C00112,P0046,E0101,R005,Refund Delay,Low,Closed,48,67,4
CMP000696,2026-06-18,C00575,P0027,E0018,R003,Billing Issue,Low,Closed,72,26,1
CMP000697,2026-02-21,C00047,P0113,E0058,R008,Delivery Delay,Critical,Open,48,31,
CMP000698,2025-12-14,C00329,P0028,E0057,R001,Billing Issue,Low,Closed,72,67,2
CMP000699,2025-07-09,C00250,P0094,E0075,R001,Wrong Product,Medium,Open,24,27,
CMP000700,2026-03-19,C00008,P0058,E0067,R007,Billing Issue,Medium,Closed,24,109,1
