Inventory_ID,Snapshot_Date,Product_ID,Warehouse_ID,Opening_Stock,Purchases_Qty,Sales_Qty,Returns_Qty,Closing_Stock,Stock_Value,Stockout_Days
INVSTK-P0001-WH-BLR,2026-08-31,P0001,WH-BLR,26,76,93,14,23,402067.83,2
INVSTK-P0001-WH-CHE,2026-08-31,P0001,WH-CHE,109,166,94,9,190,3321429.91,2
INVSTK-P0001-WH-HYD,2026-08-31,P0001,WH-HYD,82,131,168,13,58,1013910.18,6
INVSTK-P0001-WH-DEL,2026-08-31,P0001,WH-DEL,229,177,26,3,383,6695303.46,6
INVSTK-P0001-WH-KOL,2026-08-31,P0001,WH-KOL,0,137,29,0,108,1887970.69,7
INVSTK-P0002-WH-BLR,2026-08-31,P0002,WH-BLR,76,170,86,5,165,700105.7,5
INVSTK-P0002-WH-CHE,2026-08-31,P0002,WH-CHE,77,163,215,17,42,178208.72,6
INVSTK-P0002-WH-MUM,2026-08-31,P0002,WH-MUM,237,135,92,10,290,1230488.81,1
INVSTK-P0002-WH-KOL,2026-08-31,P0002,WH-KOL,235,4,220,6,25,106076.62,0
INVSTK-P0003-WH-BLR,2026-08-31,P0003,WH-BLR,102,175,29,11,259,442052.8,4
INVSTK-P0003-WH-CHE,2026-08-31,P0003,WH-CHE,122,23,15,10,140,238947.46,7
INVSTK-P0003-WH-HYD,2026-08-31,P0003,WH-HYD,137,119,15,7,248,423278.36,7
INVSTK-P0003-WH-DEL,2026-08-31,P0003,WH-DEL,232,149,79,20,322,549579.16,2
INVSTK-P0003-WH-KOL,2026-08-31,P0003,WH-KOL,232,177,116,2,295,503496.43,0
INVSTK-P0004-WH-CHE,2026-08-31,P0004,WH-CHE,234,2,111,6,131,3168601.16,2
INVSTK-P0004-WH-HYD,2026-08-31,P0004,WH-HYD,142,179,191,15,145,3507230.29,8
INVSTK-P0004-WH-DEL,2026-08-31,P0004,WH-DEL,182,171,86,13,280,6772582.63,0
INVSTK-P0004-WH-KOL,2026-08-31,P0004,WH-KOL,100,146,162,10,94,2273652.74,5
INVSTK-P0005-WH-BLR,2026-08-31,P0005,WH-BLR,166,151,145,3,175,1998231.12,5
INVSTK-P0005-WH-CHE,2026-08-31,P0005,WH-CHE,45,68,46,15,82,936314.01,5
INVSTK-P0005-WH-HYD,2026-08-31,P0005,WH-HYD,170,15,155,0,30,342553.91,1
INVSTK-P0005-WH-MUM,2026-08-31,P0005,WH-MUM,96,163,26,10,243,2774686.63,3
INVSTK-P0005-WH-DEL,2026-08-31,P0005,WH-DEL,228,160,174,12,226,2580572.75,4
INVSTK-P0006-WH-BLR,2026-08-31,P0006,WH-BLR,42,56,3,0,95,1896578.42,3
INVSTK-P0006-WH-HYD,2026-08-31,P0006,WH-HYD,221,11,134,5,103,2056290.28,3
INVSTK-P0006-WH-DEL,2026-08-31,P0006,WH-DEL,131,136,191,16,92,1836686.47,8
INVSTK-P0006-WH-KOL,2026-08-31,P0006,WH-KOL,186,58,17,2,229,4571752.19,4
INVSTK-P0007-WH-BLR,2026-08-31,P0007,WH-BLR,151,103,50,16,220,3702885.25,6
INVSTK-P0007-WH-CHE,2026-08-31,P0007,WH-CHE,126,104,138,8,100,1683129.66,4
INVSTK-P0007-WH-MUM,2026-08-31,P0007,WH-MUM,223,152,202,2,175,2945476.9,7
INVSTK-P0007-WH-DEL,2026-08-31,P0007,WH-DEL,195,13,97,4,115,1935599.11,2
INVSTK-P0007-WH-KOL,2026-08-31,P0007,WH-KOL,160,28,127,17,78,1312841.13,4
INVSTK-P0008-WH-CHE,2026-08-31,P0008,WH-CHE,38,3,1,6,46,1011850.64,0
INVSTK-P0008-WH-HYD,2026-08-31,P0008,WH-HYD,40,159,29,10,180,3959415.54,4
INVSTK-P0008-WH-DEL,2026-08-31,P0008,WH-DEL,129,63,198,18,12,263961.04,8
INVSTK-P0008-WH-KOL,2026-08-31,P0008,WH-KOL,26,28,36,3,21,461931.81,0
INVSTK-P0009-WH-BLR,2026-08-31,P0009,WH-BLR,85,151,126,0,110,228146.3,1
INVSTK-P0009-WH-CHE,2026-08-31,P0009,WH-CHE,47,175,66,8,164,340145.4,2
INVSTK-P0009-WH-MUM,2026-08-31,P0009,WH-MUM,81,106,125,7,69,143109.95,2
INVSTK-P0009-WH-DEL,2026-08-31,P0009,WH-DEL,178,43,152,3,72,149332.13,7
INVSTK-P0009-WH-KOL,2026-08-31,P0009,WH-KOL,26,42,63,5,10,20740.57,0
INVSTK-P0010-WH-BLR,2026-08-31,P0010,WH-BLR,225,153,184,10,204,157671.37,5
INVSTK-P0010-WH-CHE,2026-08-31,P0010,WH-CHE,226,78,0,19,323,249646.33,3
INVSTK-P0010-WH-HYD,2026-08-31,P0010,WH-HYD,71,58,96,16,49,37872.04,8
INVSTK-P0010-WH-MUM,2026-08-31,P0010,WH-MUM,106,146,27,8,233,180085.43,8
INVSTK-P0010-WH-DEL,2026-08-31,P0010,WH-DEL,14,55,7,12,74,57194.52,6
INVSTK-P0010-WH-KOL,2026-08-31,P0010,WH-KOL,95,101,175,18,39,30143.06,3
INVSTK-P0011-WH-CHE,2026-08-31,P0011,WH-CHE,63,130,172,15,36,1060019.34,5
INVSTK-P0011-WH-HYD,2026-08-31,P0011,WH-HYD,164,84,106,14,156,4593417.14,6
INVSTK-P0011-WH-MUM,2026-08-31,P0011,WH-MUM,226,20,59,8,195,5741771.43,2
INVSTK-P0011-WH-DEL,2026-08-31,P0011,WH-DEL,142,33,59,6,122,3592287.76,4
INVSTK-P0011-WH-KOL,2026-08-31,P0011,WH-KOL,216,69,60,0,225,6625120.88,4
INVSTK-P0012-WH-BLR,2026-08-31,P0012,WH-BLR,121,23,78,5,71,1508496.91,7
INVSTK-P0012-WH-HYD,2026-08-31,P0012,WH-HYD,154,91,72,3,176,3739372.63,4
INVSTK-P0012-WH-DEL,2026-08-31,P0012,WH-DEL,164,22,20,4,170,3611894.02,8
INVSTK-P0012-WH-KOL,2026-08-31,P0012,WH-KOL,65,37,81,13,34,722378.8,1
INVSTK-P0013-WH-BLR,2026-08-31,P0013,WH-BLR,246,152,101,5,302,2896128.63,3
INVSTK-P0013-WH-CHE,2026-08-31,P0013,WH-CHE,196,34,162,12,80,767186.39,8
INVSTK-P0013-WH-HYD,2026-08-31,P0013,WH-HYD,107,36,94,2,51,489081.32,3
INVSTK-P0013-WH-MUM,2026-08-31,P0013,WH-MUM,119,122,36,15,220,2109762.58,6
INVSTK-P0013-WH-DEL,2026-08-31,P0013,WH-DEL,171,153,1,11,334,3203003.18,5
INVSTK-P0013-WH-KOL,2026-08-31,P0013,WH-KOL,91,153,2,16,258,2474176.11,4
INVSTK-P0014-WH-BLR,2026-08-31,P0014,WH-BLR,168,132,52,3,251,4627311.16,0
INVSTK-P0014-WH-CHE,2026-08-31,P0014,WH-CHE,55,68,79,13,57,1050823.65,4
INVSTK-P0014-WH-MUM,2026-08-31,P0014,WH-MUM,214,167,176,5,210,3871455.55,0
INVSTK-P0014-WH-DEL,2026-08-31,P0014,WH-DEL,155,121,198,20,98,1806679.26,6
INVSTK-P0014-WH-KOL,2026-08-31,P0014,WH-KOL,128,19,37,14,124,2286002.33,8
INVSTK-P0015-WH-BLR,2026-08-31,P0015,WH-BLR,128,132,181,19,98,1741371.3,0
INVSTK-P0015-WH-CHE,2026-08-31,P0015,WH-CHE,228,17,164,5,86,1528142.16,2
INVSTK-P0015-WH-HYD,2026-08-31,P0015,WH-HYD,103,159,144,11,129,2292213.24,1
INVSTK-P0015-WH-MUM,2026-08-31,P0015,WH-MUM,241,155,13,13,396,7036561.57,2
INVSTK-P0015-WH-DEL,2026-08-31,P0015,WH-DEL,155,77,77,4,159,2825286.09,0
INVSTK-P0015-WH-KOL,2026-08-31,P0015,WH-KOL,94,44,5,6,139,2469904.19,0
INVSTK-P0017-WH-BLR,2026-08-31,P0017,WH-BLR,70,45,86,8,37,877784.26,8
INVSTK-P0017-WH-CHE,2026-08-31,P0017,WH-CHE,46,116,25,17,154,3653480.45,8
INVSTK-P0017-WH-HYD,2026-08-31,P0017,WH-HYD,7,75,81,14,15,355858.49,6
INVSTK-P0017-WH-MUM,2026-08-31,P0017,WH-MUM,149,45,43,18,169,4009338.94,6
INVSTK-P0017-WH-KOL,2026-08-31,P0017,WH-KOL,194,121,163,0,152,3606032.65,7
INVSTK-P0018-WH-BLR,2026-08-31,P0018,WH-BLR,175,39,29,15,200,6056915.97,6
INVSTK-P0018-WH-CHE,2026-08-31,P0018,WH-CHE,208,152,163,18,215,6511184.67,5
INVSTK-P0018-WH-HYD,2026-08-31,P0018,WH-HYD,159,14,90,7,90,2725612.19,0
INVSTK-P0018-WH-DEL,2026-08-31,P0018,WH-DEL,164,156,119,9,210,6359761.77,0
INVSTK-P0019-WH-BLR,2026-08-31,P0019,WH-BLR,158,12,122,0,48,787422.31,0
INVSTK-P0019-WH-CHE,2026-08-31,P0019,WH-CHE,159,113,73,1,200,3280926.3,7
INVSTK-P0019-WH-HYD,2026-08-31,P0019,WH-HYD,225,62,61,18,244,4002730.08,7
INVSTK-P0019-WH-MUM,2026-08-31,P0019,WH-MUM,55,83,29,0,109,1788104.83,0
INVSTK-P0019-WH-DEL,2026-08-31,P0019,WH-DEL,230,148,51,6,333,5462742.28,1
INVSTK-P0019-WH-KOL,2026-08-31,P0019,WH-KOL,133,106,177,16,78,1279561.26,3
INVSTK-P0020-WH-BLR,2026-08-31,P0020,WH-BLR,170,149,134,10,195,5182371.57,1
INVSTK-P0020-WH-CHE,2026-08-31,P0020,WH-CHE,221,65,176,12,122,3242304.26,3
INVSTK-P0020-WH-HYD,2026-08-31,P0020,WH-HYD,221,100,96,12,237,6298574.68,3
INVSTK-P0020-WH-MUM,2026-08-31,P0020,WH-MUM,149,17,173,17,10,265762.64,0
INVSTK-P0020-WH-DEL,2026-08-31,P0020,WH-DEL,10,149,30,16,145,3853558.35,0
INVSTK-P0020-WH-KOL,2026-08-31,P0020,WH-KOL,227,122,59,20,310,8238641.98,2
INVSTK-P0021-WH-BLR,2026-08-31,P0021,WH-BLR,196,24,132,18,106,1035570.81,5
INVSTK-P0021-WH-HYD,2026-08-31,P0021,WH-HYD,177,52,71,16,174,1699899.25,6
INVSTK-P0021-WH-DEL,2026-08-31,P0021,WH-DEL,193,124,80,9,246,2403305.83,5
INVSTK-P0021-WH-KOL,2026-08-31,P0021,WH-KOL,198,4,124,20,98,957414.52,5
INVSTK-P0022-WH-BLR,2026-08-31,P0022,WH-BLR,238,101,128,13,224,1257415.26,8
INVSTK-P0022-WH-HYD,2026-08-31,P0022,WH-HYD,239,178,146,1,272,1526861.39,0
INVSTK-P0022-WH-MUM,2026-08-31,P0022,WH-MUM,22,161,48,17,152,853246.07,8
INVSTK-P0022-WH-DEL,2026-08-31,P0022,WH-DEL,92,147,113,17,143,802724.92,7
INVSTK-P0022-WH-KOL,2026-08-31,P0022,WH-KOL,238,18,148,2,110,617480.71,3
INVSTK-P0023-WH-BLR,2026-08-31,P0023,WH-BLR,159,47,16,3,193,3675376.5,7
INVSTK-P0023-WH-HYD,2026-08-31,P0023,WH-HYD,96,150,99,3,150,2856510.23,4
INVSTK-P0023-WH-MUM,2026-08-31,P0023,WH-MUM,243,171,121,18,311,5922497.88,7
INVSTK-P0023-WH-DEL,2026-08-31,P0023,WH-DEL,171,144,50,16,281,5351195.83,2
INVSTK-P0023-WH-KOL,2026-08-31,P0023,WH-KOL,100,152,68,16,200,3808680.31,1
INVSTK-P0024-WH-BLR,2026-08-31,P0024,WH-BLR,57,170,63,11,175,1066462.45,2
INVSTK-P0024-WH-CHE,2026-08-31,P0024,WH-CHE,150,170,90,8,238,1450388.93,0
INVSTK-P0024-WH-HYD,2026-08-31,P0024,WH-HYD,161,169,7,11,334,2035419.76,4
INVSTK-P0024-WH-MUM,2026-08-31,P0024,WH-MUM,84,59,7,9,145,883640.32,2
INVSTK-P0024-WH-DEL,2026-08-31,P0024,WH-DEL,225,27,73,7,186,1133497.23,1
INVSTK-P0024-WH-KOL,2026-08-31,P0024,WH-KOL,176,107,191,13,105,639877.47,5
INVSTK-P0025-WH-BLR,2026-08-31,P0025,WH-BLR,29,142,151,18,38,42988.07,4
INVSTK-P0025-WH-HYD,2026-08-31,P0025,WH-HYD,35,148,138,2,47,53169.45,6
INVSTK-P0025-WH-MUM,2026-08-31,P0025,WH-MUM,129,124,212,17,58,65613.36,3
INVSTK-P0025-WH-DEL,2026-08-31,P0025,WH-DEL,54,47,97,5,9,10181.38,1
INVSTK-P0026-WH-BLR,2026-08-31,P0026,WH-BLR,130,157,68,15,234,3508859.3,2
INVSTK-P0026-WH-MUM,2026-08-31,P0026,WH-MUM,150,135,194,6,97,1454527.14,6
INVSTK-P0026-WH-DEL,2026-08-31,P0026,WH-DEL,178,36,54,0,160,2399220.03,8
INVSTK-P0026-WH-KOL,2026-08-31,P0026,WH-KOL,20,162,118,4,68,1019668.51,6
INVSTK-P0027-WH-BLR,2026-08-31,P0027,WH-BLR,4,123,110,2,19,209340.67,2
INVSTK-P0027-WH-CHE,2026-08-31,P0027,WH-CHE,70,32,12,9,99,1090775.06,4
INVSTK-P0027-WH-HYD,2026-08-31,P0027,WH-HYD,19,85,100,17,21,231376.53,2
INVSTK-P0027-WH-MUM,2026-08-31,P0027,WH-MUM,216,166,210,1,173,1906101.87,7
INVSTK-P0027-WH-DEL,2026-08-31,P0027,WH-DEL,39,123,173,19,8,88143.44,4
INVSTK-P0027-WH-KOL,2026-08-31,P0027,WH-KOL,146,177,157,8,174,1917119.8,0
INVSTK-P0028-WH-BLR,2026-08-31,P0028,WH-BLR,203,30,182,16,67,1334940.89,8
INVSTK-P0028-WH-CHE,2026-08-31,P0028,WH-CHE,147,44,98,13,106,2111996.03,2
INVSTK-P0028-WH-HYD,2026-08-31,P0028,WH-HYD,228,147,58,20,337,6714553.42,6
INVSTK-P0028-WH-MUM,2026-08-31,P0028,WH-MUM,115,64,14,16,181,3606332.85,6
INVSTK-P0028-WH-DEL,2026-08-31,P0028,WH-DEL,94,104,187,1,12,239093.89,0
INVSTK-P0028-WH-KOL,2026-08-31,P0028,WH-KOL,203,42,189,5,61,1215393.94,5
INVSTK-P0029-WH-BLR,2026-08-31,P0029,WH-BLR,193,180,125,0,248,5950658.76,3
INVSTK-P0029-WH-CHE,2026-08-31,P0029,WH-CHE,76,151,49,11,189,4534977.84,5
INVSTK-P0029-WH-HYD,2026-08-31,P0029,WH-HYD,54,69,30,15,108,2591415.91,6
INVSTK-P0029-WH-MUM,2026-08-31,P0029,WH-MUM,15,122,153,16,0,0,7
INVSTK-P0029-WH-DEL,2026-08-31,P0029,WH-DEL,100,121,152,19,88,2111524.07,3
INVSTK-P0029-WH-KOL,2026-08-31,P0029,WH-KOL,227,107,186,17,165,3959107.64,1
INVSTK-P0030-WH-BLR,2026-08-31,P0030,WH-BLR,237,153,91,5,304,9167131.6,0
INVSTK-P0030-WH-CHE,2026-08-31,P0030,WH-CHE,150,135,78,12,219,6603953.35,3
INVSTK-P0030-WH-HYD,2026-08-31,P0030,WH-HYD,239,72,125,14,200,6031007.63,7
INVSTK-P0030-WH-MUM,2026-08-31,P0030,WH-MUM,65,26,88,9,12,361860.46,6
INVSTK-P0030-WH-DEL,2026-08-31,P0030,WH-DEL,223,50,160,6,119,3588449.54,4
INVSTK-P0030-WH-KOL,2026-08-31,P0030,WH-KOL,174,76,183,3,70,2110852.67,0
INVSTK-P0031-WH-CHE,2026-08-31,P0031,WH-CHE,148,16,77,6,93,1082691.04,4
INVSTK-P0031-WH-HYD,2026-08-31,P0031,WH-HYD,245,37,196,1,87,1012840,7
INVSTK-P0031-WH-MUM,2026-08-31,P0031,WH-MUM,66,128,14,2,182,2118814.72,5
INVSTK-P0031-WH-DEL,2026-08-31,P0031,WH-DEL,92,154,117,5,134,1560006.44,0
INVSTK-P0031-WH-KOL,2026-08-31,P0031,WH-KOL,88,98,80,4,110,1280602.3,2
INVSTK-P0032-WH-CHE,2026-08-31,P0032,WH-CHE,161,140,4,14,311,5193595.05,5
INVSTK-P0032-WH-HYD,2026-08-31,P0032,WH-HYD,250,9,167,1,93,1553068.62,6
INVSTK-P0032-WH-DEL,2026-08-31,P0032,WH-DEL,227,133,135,16,241,4024618.67,0
INVSTK-P0032-WH-KOL,2026-08-31,P0032,WH-KOL,109,144,204,14,63,1052078.74,3
INVSTK-P0033-WH-BLR,2026-08-31,P0033,WH-BLR,198,50,135,4,117,2359278.98,8
INVSTK-P0033-WH-CHE,2026-08-31,P0033,WH-CHE,123,130,175,19,97,1955983.43,1
INVSTK-P0033-WH-HYD,2026-08-31,P0033,WH-HYD,175,113,38,6,256,5162183.08,5
INVSTK-P0033-WH-MUM,2026-08-31,P0033,WH-MUM,248,46,142,17,169,3407847.42,1
INVSTK-P0033-WH-DEL,2026-08-31,P0033,WH-DEL,91,24,48,13,80,1613182.21,2
INVSTK-P0033-WH-KOL,2026-08-31,P0033,WH-KOL,129,127,25,0,231,4658063.64,0
INVSTK-P0034-WH-CHE,2026-08-31,P0034,WH-CHE,219,115,213,0,121,2755516.7,4
INVSTK-P0034-WH-HYD,2026-08-31,P0034,WH-HYD,56,17,53,9,29,660413.09,5
INVSTK-P0034-WH-MUM,2026-08-31,P0034,WH-MUM,200,177,94,2,285,6490266.6,6
INVSTK-P0034-WH-DEL,2026-08-31,P0034,WH-DEL,52,135,131,16,72,1639646.3,3
INVSTK-P0034-WH-KOL,2026-08-31,P0034,WH-KOL,45,129,156,19,37,842596.02,7
INVSTK-P0035-WH-BLR,2026-08-31,P0035,WH-BLR,173,29,10,11,203,1713625.75,7
INVSTK-P0035-WH-HYD,2026-08-31,P0035,WH-HYD,207,19,29,2,199,1679859.73,8
INVSTK-P0035-WH-MUM,2026-08-31,P0035,WH-MUM,3,157,143,2,19,160388.62,6
INVSTK-P0035-WH-DEL,2026-08-31,P0035,WH-DEL,111,175,2,17,301,2540893.36,8
INVSTK-P0035-WH-KOL,2026-08-31,P0035,WH-KOL,249,167,154,3,265,2236999.14,1
INVSTK-P0036-WH-BLR,2026-08-31,P0036,WH-BLR,39,130,28,9,150,1107501.98,7
INVSTK-P0036-WH-CHE,2026-08-31,P0036,WH-CHE,25,68,60,17,50,369167.33,4
INVSTK-P0036-WH-HYD,2026-08-31,P0036,WH-HYD,248,8,27,2,231,1705553.05,5
INVSTK-P0036-WH-MUM,2026-08-31,P0036,WH-MUM,208,161,72,0,297,2192853.92,3
INVSTK-P0036-WH-KOL,2026-08-31,P0036,WH-KOL,15,117,10,10,132,974601.74,5
INVSTK-P0037-WH-CHE,2026-08-31,P0037,WH-CHE,186,125,114,2,199,4841941.54,8
INVSTK-P0037-WH-HYD,2026-08-31,P0037,WH-HYD,107,149,132,13,137,3333396.94,8
INVSTK-P0037-WH-MUM,2026-08-31,P0037,WH-MUM,224,50,15,3,262,6374817.5,7
INVSTK-P0037-WH-DEL,2026-08-31,P0037,WH-DEL,126,108,45,12,201,4890604.27,0
INVSTK-P0037-WH-KOL,2026-08-31,P0037,WH-KOL,156,172,64,19,283,6885776.16,2
INVSTK-P0038-WH-BLR,2026-08-31,P0038,WH-BLR,227,122,173,9,185,3843310.28,5
INVSTK-P0038-WH-CHE,2026-08-31,P0038,WH-CHE,62,120,153,11,40,830986.01,6
INVSTK-P0038-WH-HYD,2026-08-31,P0038,WH-HYD,158,106,140,5,129,2679929.87,6
INVSTK-P0038-WH-MUM,2026-08-31,P0038,WH-MUM,206,176,14,12,380,7894367.06,2
INVSTK-P0038-WH-DEL,2026-08-31,P0038,WH-DEL,143,4,78,3,72,1495774.81,7
INVSTK-P0038-WH-KOL,2026-08-31,P0038,WH-KOL,157,161,95,17,240,4985916.04,8
INVSTK-P0039-WH-BLR,2026-08-31,P0039,WH-BLR,172,55,10,7,224,7495312.07,3
INVSTK-P0039-WH-CHE,2026-08-31,P0039,WH-CHE,87,13,6,6,100,3346121.46,7
INVSTK-P0039-WH-HYD,2026-08-31,P0039,WH-HYD,98,100,10,1,189,6324169.56,2
INVSTK-P0039-WH-MUM,2026-08-31,P0039,WH-MUM,211,132,80,10,273,9134911.59,0
INVSTK-P0039-WH-DEL,2026-08-31,P0039,WH-DEL,53,142,71,14,138,4617647.62,1
INVSTK-P0040-WH-CHE,2026-08-31,P0040,WH-CHE,114,38,63,2,91,1579852.34,0
INVSTK-P0040-WH-HYD,2026-08-31,P0040,WH-HYD,238,172,30,0,380,6597185.6,4
INVSTK-P0040-WH-MUM,2026-08-31,P0040,WH-MUM,236,90,213,18,131,2274292.93,7
INVSTK-P0040-WH-DEL,2026-08-31,P0040,WH-DEL,90,169,26,7,240,4166643.54,0
INVSTK-P0040-WH-KOL,2026-08-31,P0040,WH-KOL,27,42,2,15,82,1423603.21,3
INVSTK-P0041-WH-BLR,2026-08-31,P0041,WH-BLR,5,139,19,12,137,3886306.01,3
INVSTK-P0041-WH-CHE,2026-08-31,P0041,WH-CHE,247,73,128,3,195,5531603.44,1
INVSTK-P0041-WH-HYD,2026-08-31,P0041,WH-HYD,5,86,5,4,90,2553047.74,7
INVSTK-P0041-WH-MUM,2026-08-31,P0041,WH-MUM,195,42,210,10,37,1049586.29,7
INVSTK-P0041-WH-DEL,2026-08-31,P0041,WH-DEL,203,116,199,5,125,3545899.64,6
INVSTK-P0041-WH-KOL,2026-08-31,P0041,WH-KOL,21,154,81,17,111,3148758.88,4
INVSTK-P0042-WH-BLR,2026-08-31,P0042,WH-BLR,199,62,99,3,165,2264228.21,2
INVSTK-P0042-WH-CHE,2026-08-31,P0042,WH-CHE,247,127,48,11,337,4624514.58,8
INVSTK-P0042-WH-HYD,2026-08-31,P0042,WH-HYD,91,139,168,4,66,905691.28,4
INVSTK-P0042-WH-KOL,2026-08-31,P0042,WH-KOL,114,97,43,6,174,2387731.56,6
INVSTK-P0043-WH-CHE,2026-08-31,P0043,WH-CHE,183,26,200,7,16,445228.98,5
INVSTK-P0043-WH-HYD,2026-08-31,P0043,WH-HYD,204,0,36,9,177,4925345.63,8
INVSTK-P0043-WH-MUM,2026-08-31,P0043,WH-MUM,220,169,186,10,213,5927110.85,5
INVSTK-P0043-WH-DEL,2026-08-31,P0043,WH-DEL,200,45,86,12,171,4758384.77,8
INVSTK-P0043-WH-KOL,2026-08-31,P0043,WH-KOL,242,114,177,20,199,5537535.49,0
INVSTK-P0044-WH-BLR,2026-08-31,P0044,WH-BLR,134,137,10,12,273,110073.47,3
INVSTK-P0044-WH-CHE,2026-08-31,P0044,WH-CHE,89,122,200,4,15,6047.99,8
INVSTK-P0044-WH-HYD,2026-08-31,P0044,WH-HYD,210,160,153,17,234,94348.69,2
INVSTK-P0044-WH-MUM,2026-08-31,P0044,WH-MUM,11,88,78,2,23,9273.59,3
INVSTK-P0044-WH-DEL,2026-08-31,P0044,WH-DEL,119,44,139,5,29,11692.79,1
INVSTK-P0044-WH-KOL,2026-08-31,P0044,WH-KOL,45,112,21,12,148,59673.53,4
INVSTK-P0045-WH-CHE,2026-08-31,P0045,WH-CHE,236,164,140,1,261,8234424.78,0
INVSTK-P0045-WH-HYD,2026-08-31,P0045,WH-HYD,200,105,133,8,180,5678913.64,1
INVSTK-P0045-WH-MUM,2026-08-31,P0045,WH-MUM,194,175,19,13,363,11452475.85,0
INVSTK-P0045-WH-DEL,2026-08-31,P0045,WH-DEL,223,42,161,1,105,3312699.63,1
INVSTK-P0045-WH-KOL,2026-08-31,P0045,WH-KOL,43,37,27,4,57,1798322.65,5
INVSTK-P0046-WH-BLR,2026-08-31,P0046,WH-BLR,138,78,201,15,30,904809.74,2
INVSTK-P0046-WH-CHE,2026-08-31,P0046,WH-CHE,60,134,117,9,86,2593787.92,8
INVSTK-P0046-WH-HYD,2026-08-31,P0046,WH-HYD,221,73,129,18,183,5519339.41,3
INVSTK-P0046-WH-MUM,2026-08-31,P0046,WH-MUM,195,165,104,18,274,8263928.95,8
INVSTK-P0046-WH-DEL,2026-08-31,P0046,WH-DEL,3,179,32,5,155,4674850.32,5
INVSTK-P0046-WH-KOL,2026-08-31,P0046,WH-KOL,250,11,144,3,120,3619238.96,3
INVSTK-P0047-WH-BLR,2026-08-31,P0047,WH-BLR,95,169,187,14,91,1020681.53,8
INVSTK-P0047-WH-CHE,2026-08-31,P0047,WH-CHE,199,23,55,15,182,2041363.06,4
INVSTK-P0047-WH-MUM,2026-08-31,P0047,WH-MUM,192,120,5,18,325,3645291.18,5
INVSTK-P0047-WH-DEL,2026-08-31,P0047,WH-DEL,33,31,15,8,57,639327.99,6
INVSTK-P0047-WH-KOL,2026-08-31,P0047,WH-KOL,204,1,87,19,137,1536630.44,8
INVSTK-P0048-WH-BLR,2026-08-31,P0048,WH-BLR,151,144,41,12,266,1640832.84,1
INVSTK-P0048-WH-HYD,2026-08-31,P0048,WH-HYD,186,124,190,13,133,820416.42,1
INVSTK-P0048-WH-MUM,2026-08-31,P0048,WH-MUM,179,73,146,8,114,703214.07,3
INVSTK-P0048-WH-KOL,2026-08-31,P0048,WH-KOL,59,106,128,3,40,246741.78,4
INVSTK-P0049-WH-BLR,2026-08-31,P0049,WH-BLR,219,173,196,11,207,2107645.85,7
INVSTK-P0049-WH-CHE,2026-08-31,P0049,WH-CHE,205,80,207,8,86,875640.3,5
INVSTK-P0049-WH-HYD,2026-08-31,P0049,WH-HYD,43,56,80,11,30,305455.92,8
INVSTK-P0049-WH-MUM,2026-08-31,P0049,WH-MUM,154,119,32,18,259,2637102.78,5
INVSTK-P0049-WH-DEL,2026-08-31,P0049,WH-DEL,93,0,89,11,15,152727.96,2
INVSTK-P0049-WH-KOL,2026-08-31,P0049,WH-KOL,71,17,25,0,63,641457.43,8
INVSTK-P0050-WH-BLR,2026-08-31,P0050,WH-BLR,124,164,22,10,276,184337.1,4
INVSTK-P0050-WH-CHE,2026-08-31,P0050,WH-CHE,2,156,144,5,19,12689.87,2
INVSTK-P0050-WH-HYD,2026-08-31,P0050,WH-HYD,158,175,172,6,167,111537.3,4
INVSTK-P0050-WH-MUM,2026-08-31,P0050,WH-MUM,104,102,42,19,183,122223.51,7
INVSTK-P0050-WH-KOL,2026-08-31,P0050,WH-KOL,57,90,70,11,88,58774.15,5
INVSTK-P0051-WH-BLR,2026-08-31,P0051,WH-BLR,116,47,110,6,59,289468.33,4
INVSTK-P0051-WH-CHE,2026-08-31,P0051,WH-CHE,132,95,207,10,30,147187.29,0
INVSTK-P0051-WH-MUM,2026-08-31,P0051,WH-MUM,241,40,152,12,141,691780.26,7
INVSTK-P0051-WH-DEL,2026-08-31,P0051,WH-DEL,198,137,40,17,312,1530747.8,6
INVSTK-P0052-WH-BLR,2026-08-31,P0052,WH-BLR,225,131,83,19,292,1866269.09,0
INVSTK-P0052-WH-HYD,2026-08-31,P0052,WH-HYD,145,163,78,7,237,1514745.81,4
INVSTK-P0052-WH-MUM,2026-08-31,P0052,WH-MUM,29,2,38,7,0,0,0
INVSTK-P0052-WH-DEL,2026-08-31,P0052,WH-DEL,27,169,50,1,147,939525.88,1
INVSTK-P0052-WH-KOL,2026-08-31,P0052,WH-KOL,203,17,62,4,162,1035395.87,6
INVSTK-P0053-WH-BLR,2026-08-31,P0053,WH-BLR,242,61,63,19,259,1709501.34,8
INVSTK-P0053-WH-CHE,2026-08-31,P0053,WH-CHE,141,104,131,9,123,811848.12,6
INVSTK-P0053-WH-HYD,2026-08-31,P0053,WH-HYD,109,106,135,12,92,607236,7
INVSTK-P0053-WH-DEL,2026-08-31,P0053,WH-DEL,222,91,175,7,145,957056.73,1
INVSTK-P0053-WH-KOL,2026-08-31,P0053,WH-KOL,46,43,20,19,88,580834.43,0
INVSTK-P0054-WH-CHE,2026-08-31,P0054,WH-CHE,233,81,107,18,225,2140077.52,0
INVSTK-P0054-WH-HYD,2026-08-31,P0054,WH-HYD,68,60,105,9,32,304366.58,4
INVSTK-P0054-WH-MUM,2026-08-31,P0054,WH-MUM,65,169,207,12,39,370946.77,4
INVSTK-P0055-WH-BLR,2026-08-31,P0055,WH-BLR,243,92,53,20,302,5126870.52,0
INVSTK-P0055-WH-CHE,2026-08-31,P0055,WH-CHE,58,43,104,20,17,288598.67,1
INVSTK-P0055-WH-HYD,2026-08-31,P0055,WH-HYD,221,86,24,20,303,5143846.91,8
INVSTK-P0055-WH-MUM,2026-08-31,P0055,WH-MUM,118,26,8,8,144,2444600.51,0
INVSTK-P0055-WH-DEL,2026-08-31,P0055,WH-DEL,173,78,70,13,194,3293420.13,4
INVSTK-P0055-WH-KOL,2026-08-31,P0055,WH-KOL,194,102,58,17,255,4328980.07,8
INVSTK-P0056-WH-BLR,2026-08-31,P0056,WH-BLR,148,38,36,16,166,4254166.03,4
INVSTK-P0056-WH-MUM,2026-08-31,P0056,WH-MUM,162,126,164,7,131,3357203.32,5
INVSTK-P0056-WH-DEL,2026-08-31,P0056,WH-DEL,129,15,85,8,67,1717042.92,1
INVSTK-P0056-WH-KOL,2026-08-31,P0056,WH-KOL,110,62,26,16,162,4151656.01,2
INVSTK-P0057-WH-BLR,2026-08-31,P0057,WH-BLR,231,113,91,1,254,4667169.99,0
INVSTK-P0057-WH-CHE,2026-08-31,P0057,WH-CHE,105,168,172,18,119,2186587.51,2
INVSTK-P0057-WH-HYD,2026-08-31,P0057,WH-HYD,26,85,48,19,82,1506724.17,0
INVSTK-P0057-WH-MUM,2026-08-31,P0057,WH-MUM,174,3,83,0,94,1727220.39,6
INVSTK-P0057-WH-DEL,2026-08-31,P0057,WH-DEL,246,123,182,9,196,3601438.26,8
INVSTK-P0057-WH-KOL,2026-08-31,P0057,WH-KOL,237,160,195,3,205,3766810.42,7
INVSTK-P0058-WH-BLR,2026-08-31,P0058,WH-BLR,157,137,181,18,131,2479463.04,0
INVSTK-P0058-WH-CHE,2026-08-31,P0058,WH-CHE,51,173,161,7,70,1324903.91,0
INVSTK-P0058-WH-HYD,2026-08-31,P0058,WH-HYD,225,61,151,7,142,2687662.23,7
INVSTK-P0058-WH-MUM,2026-08-31,P0058,WH-MUM,91,164,170,16,101,1911647.08,1
INVSTK-P0058-WH-DEL,2026-08-31,P0058,WH-DEL,198,55,179,0,74,1400612.71,1
INVSTK-P0058-WH-KOL,2026-08-31,P0058,WH-KOL,214,34,22,14,240,4542527.7,0
INVSTK-P0059-WH-BLR,2026-08-31,P0059,WH-BLR,156,149,180,9,134,2207535.31,4
INVSTK-P0059-WH-CHE,2026-08-31,P0059,WH-CHE,150,82,118,2,116,1911000.72,8
INVSTK-P0059-WH-HYD,2026-08-31,P0059,WH-HYD,16,52,65,3,6,98844.86,0
INVSTK-P0059-WH-MUM,2026-08-31,P0059,WH-MUM,47,152,6,13,206,3393673.69,1
INVSTK-P0059-WH-DEL,2026-08-31,P0059,WH-DEL,230,99,145,3,187,3080664.95,8
INVSTK-P0059-WH-KOL,2026-08-31,P0059,WH-KOL,195,85,54,13,239,3937320.44,1
INVSTK-P0060-WH-CHE,2026-08-31,P0060,WH-CHE,250,101,150,12,213,7162141.15,7
INVSTK-P0060-WH-MUM,2026-08-31,P0060,WH-MUM,216,33,121,3,131,4404884.93,7
INVSTK-P0060-WH-KOL,2026-08-31,P0060,WH-KOL,137,167,83,20,241,8103643.28,7
INVSTK-P0061-WH-BLR,2026-08-31,P0061,WH-BLR,136,18,15,11,150,3938993.06,2
INVSTK-P0061-WH-CHE,2026-08-31,P0061,WH-CHE,128,151,74,2,207,5435810.43,6
INVSTK-P0061-WH-HYD,2026-08-31,P0061,WH-HYD,208,169,176,17,218,5724669.92,6
INVSTK-P0061-WH-MUM,2026-08-31,P0061,WH-MUM,204,59,18,16,261,6853847.93,5
INVSTK-P0061-WH-KOL,2026-08-31,P0061,WH-KOL,117,96,180,15,48,1260477.78,8
INVSTK-P0062-WH-BLR,2026-08-31,P0062,WH-BLR,112,156,169,0,99,2008270.55,5
INVSTK-P0062-WH-CHE,2026-08-31,P0062,WH-CHE,230,76,31,2,277,5619100.43,6
INVSTK-P0062-WH-HYD,2026-08-31,P0062,WH-HYD,170,97,152,2,117,2373410.65,1
INVSTK-P0062-WH-MUM,2026-08-31,P0062,WH-MUM,233,91,53,9,280,5679957.11,0
INVSTK-P0062-WH-DEL,2026-08-31,P0062,WH-DEL,246,163,81,4,332,6734806.29,4
INVSTK-P0063-WH-BLR,2026-08-31,P0063,WH-BLR,169,149,201,13,130,2213696.6,7
INVSTK-P0063-WH-CHE,2026-08-31,P0063,WH-CHE,105,132,109,19,147,2503180,0
INVSTK-P0063-WH-MUM,2026-08-31,P0063,WH-MUM,206,30,102,0,134,2281810.34,4
INVSTK-P0063-WH-KOL,2026-08-31,P0063,WH-KOL,69,171,10,9,239,4069796.05,7
INVSTK-P0064-WH-HYD,2026-08-31,P0064,WH-HYD,18,94,91,15,36,357130.83,7
INVSTK-P0064-WH-DEL,2026-08-31,P0064,WH-DEL,238,175,168,15,260,2579278.25,8
INVSTK-P0064-WH-KOL,2026-08-31,P0064,WH-KOL,78,156,5,16,245,2430473.74,2
INVSTK-P0065-WH-BLR,2026-08-31,P0065,WH-BLR,192,64,88,12,180,4661131.88,0
INVSTK-P0065-WH-CHE,2026-08-31,P0065,WH-CHE,175,180,158,9,206,5334406.48,3
INVSTK-P0065-WH-HYD,2026-08-31,P0065,WH-HYD,235,38,6,3,270,6991697.82,3
INVSTK-P0065-WH-MUM,2026-08-31,P0065,WH-MUM,250,11,38,4,227,5878205.2,3
INVSTK-P0065-WH-DEL,2026-08-31,P0065,WH-DEL,145,163,63,20,265,6862221.93,5
INVSTK-P0065-WH-KOL,2026-08-31,P0065,WH-KOL,69,13,63,11,30,776855.31,7
INVSTK-P0066-WH-CHE,2026-08-31,P0066,WH-CHE,66,64,124,5,11,187373.54,7
INVSTK-P0066-WH-HYD,2026-08-31,P0066,WH-HYD,141,18,33,3,129,2197380.55,6
INVSTK-P0066-WH-MUM,2026-08-31,P0066,WH-MUM,232,166,182,10,226,3849674.45,7
INVSTK-P0066-WH-DEL,2026-08-31,P0066,WH-DEL,59,94,21,10,142,2418822,4
INVSTK-P0066-WH-KOL,2026-08-31,P0066,WH-KOL,145,97,12,12,242,4122217.78,6
INVSTK-P0067-WH-CHE,2026-08-31,P0067,WH-CHE,68,124,23,4,173,5656389.3,4
INVSTK-P0067-WH-DEL,2026-08-31,P0067,WH-DEL,151,116,87,3,183,5983348.22,5
INVSTK-P0067-WH-KOL,2026-08-31,P0067,WH-KOL,214,125,152,16,203,6637266.05,0
INVSTK-P0068-WH-HYD,2026-08-31,P0068,WH-HYD,162,60,103,1,120,1856838.37,6
INVSTK-P0068-WH-MUM,2026-08-31,P0068,WH-MUM,244,59,189,1,115,1779470.11,1
INVSTK-P0068-WH-DEL,2026-08-31,P0068,WH-DEL,112,155,133,20,154,2382942.58,2
INVSTK-P0068-WH-KOL,2026-08-31,P0068,WH-KOL,209,23,191,1,42,649893.43,5
INVSTK-P0069-WH-BLR,2026-08-31,P0069,WH-BLR,159,45,127,17,94,878158.8,3
INVSTK-P0069-WH-CHE,2026-08-31,P0069,WH-CHE,227,59,45,17,258,2410265.64,5
INVSTK-P0069-WH-HYD,2026-08-31,P0069,WH-HYD,159,179,96,17,259,2419607.76,3
INVSTK-P0069-WH-MUM,2026-08-31,P0069,WH-MUM,228,67,81,3,217,2027238.93,1
INVSTK-P0069-WH-DEL,2026-08-31,P0069,WH-DEL,109,178,19,1,269,2513028.91,6
INVSTK-P0069-WH-KOL,2026-08-31,P0069,WH-KOL,88,23,80,20,51,476447.86,1
INVSTK-P0070-WH-BLR,2026-08-31,P0070,WH-BLR,55,131,38,5,153,1626647.88,2
INVSTK-P0070-WH-HYD,2026-08-31,P0070,WH-HYD,195,86,130,17,168,1786123.16,3
INVSTK-P0070-WH-MUM,2026-08-31,P0070,WH-MUM,209,70,184,19,114,1212012.15,6
INVSTK-P0070-WH-DEL,2026-08-31,P0070,WH-DEL,216,12,84,4,148,1573489.45,0
INVSTK-P0070-WH-KOL,2026-08-31,P0070,WH-KOL,184,77,139,17,139,1477804.28,2
INVSTK-P0071-WH-BLR,2026-08-31,P0071,WH-BLR,227,81,37,12,283,6999042.86,7
INVSTK-P0071-WH-CHE,2026-08-31,P0071,WH-CHE,174,153,19,6,314,7765722.47,8
INVSTK-P0071-WH-HYD,2026-08-31,P0071,WH-HYD,128,95,23,11,211,5218367.65,8
INVSTK-P0071-WH-MUM,2026-08-31,P0071,WH-MUM,102,147,72,1,178,4402224.84,4
INVSTK-P0071-WH-DEL,2026-08-31,P0071,WH-DEL,213,131,119,2,227,5614073.25,8
INVSTK-P0071-WH-KOL,2026-08-31,P0071,WH-KOL,135,35,152,19,37,915069.21,1
INVSTK-P0072-WH-BLR,2026-08-31,P0072,WH-BLR,162,119,136,0,145,4706920.65,7
INVSTK-P0072-WH-CHE,2026-08-31,P0072,WH-CHE,227,100,107,3,223,7238919.34,5
INVSTK-P0072-WH-MUM,2026-08-31,P0072,WH-MUM,168,161,109,3,223,7238919.34,8
INVSTK-P0072-WH-DEL,2026-08-31,P0072,WH-DEL,112,13,6,2,121,3927844.13,3
INVSTK-P0072-WH-KOL,2026-08-31,P0072,WH-KOL,105,80,17,4,172,5583381.73,2
INVSTK-P0073-WH-CHE,2026-08-31,P0073,WH-CHE,114,100,154,3,63,221512.25,3
INVSTK-P0073-WH-HYD,2026-08-31,P0073,WH-HYD,103,79,165,14,31,108998.09,2
INVSTK-P0073-WH-MUM,2026-08-31,P0073,WH-MUM,218,175,207,10,196,689149.23,8
INVSTK-P0073-WH-DEL,2026-08-31,P0073,WH-DEL,210,91,97,17,221,777050.92,4
INVSTK-P0074-WH-BLR,2026-08-31,P0074,WH-BLR,131,154,135,10,160,1888586.1,3
INVSTK-P0074-WH-CHE,2026-08-31,P0074,WH-CHE,196,82,208,8,78,920685.73,1
INVSTK-P0074-WH-HYD,2026-08-31,P0074,WH-HYD,66,62,9,3,122,1440046.9,4
INVSTK-P0074-WH-MUM,2026-08-31,P0074,WH-MUM,45,101,118,7,35,413128.21,6
INVSTK-P0074-WH-DEL,2026-08-31,P0074,WH-DEL,49,38,83,3,7,82625.64,5
INVSTK-P0074-WH-KOL,2026-08-31,P0074,WH-KOL,60,23,11,8,80,944293.05,3
INVSTK-P0075-WH-BLR,2026-08-31,P0075,WH-BLR,5,138,7,9,145,3927688.58,5
INVSTK-P0075-WH-CHE,2026-08-31,P0075,WH-CHE,56,22,8,1,71,1923213.03,2
INVSTK-P0075-WH-HYD,2026-08-31,P0075,WH-HYD,82,156,11,9,236,6392651.75,7
INVSTK-P0075-WH-MUM,2026-08-31,P0075,WH-MUM,95,75,179,15,6,162525.04,6
INVSTK-P0075-WH-DEL,2026-08-31,P0075,WH-DEL,152,22,119,3,58,1571075.43,3
INVSTK-P0075-WH-KOL,2026-08-31,P0075,WH-KOL,88,144,82,2,152,4117301.13,8
INVSTK-P0076-WH-BLR,2026-08-31,P0076,WH-BLR,248,71,105,18,232,2758188.22,1
INVSTK-P0076-WH-CHE,2026-08-31,P0076,WH-CHE,121,38,130,9,38,451772.21,7
INVSTK-P0076-WH-HYD,2026-08-31,P0076,WH-HYD,210,21,36,14,209,2484747.14,1
INVSTK-P0076-WH-MUM,2026-08-31,P0076,WH-MUM,156,153,38,15,286,3400180.3,2
INVSTK-P0076-WH-DEL,2026-08-31,P0076,WH-DEL,201,77,21,19,276,3281292.88,8
INVSTK-P0076-WH-KOL,2026-08-31,P0076,WH-KOL,180,124,137,6,173,2056752.42,3
INVSTK-P0077-WH-BLR,2026-08-31,P0077,WH-BLR,59,54,14,13,112,46552.65,5
INVSTK-P0077-WH-CHE,2026-08-31,P0077,WH-CHE,88,168,158,14,112,46552.65,6
INVSTK-P0077-WH-MUM,2026-08-31,P0077,WH-MUM,180,35,1,4,218,90611.42,2
INVSTK-P0077-WH-DEL,2026-08-31,P0077,WH-DEL,235,113,158,13,203,84376.68,1
INVSTK-P0077-WH-KOL,2026-08-31,P0077,WH-KOL,168,125,116,0,177,73569.82,0
INVSTK-P0078-WH-CHE,2026-08-31,P0078,WH-CHE,88,87,176,2,1,15674.46,7
INVSTK-P0078-WH-HYD,2026-08-31,P0078,WH-HYD,46,166,151,8,69,1081538.02,8
INVSTK-P0078-WH-MUM,2026-08-31,P0078,WH-MUM,140,152,140,7,159,2492239.78,3
INVSTK-P0078-WH-DEL,2026-08-31,P0078,WH-DEL,180,178,29,2,331,5188247.6,8
INVSTK-P0078-WH-KOL,2026-08-31,P0078,WH-KOL,146,110,140,7,123,1927959.08,5
INVSTK-P0079-WH-CHE,2026-08-31,P0079,WH-CHE,164,101,201,8,72,1564169.41,0
INVSTK-P0079-WH-HYD,2026-08-31,P0079,WH-HYD,189,98,6,20,301,6539097.12,5
INVSTK-P0079-WH-MUM,2026-08-31,P0079,WH-MUM,101,78,53,4,130,2824194.77,0
INVSTK-P0079-WH-DEL,2026-08-31,P0079,WH-DEL,12,130,140,19,21,456216.08,5
INVSTK-P0079-WH-KOL,2026-08-31,P0079,WH-KOL,242,2,205,18,57,1238300.78,1
INVSTK-P0080-WH-BLR,2026-08-31,P0080,WH-BLR,85,127,175,5,42,183457.67,7
INVSTK-P0080-WH-CHE,2026-08-31,P0080,WH-CHE,239,83,0,13,335,1463293.33,3
INVSTK-P0080-WH-HYD,2026-08-31,P0080,WH-HYD,231,170,105,5,301,1314779.97,2
INVSTK-P0080-WH-MUM,2026-08-31,P0080,WH-MUM,154,137,45,5,251,1096377.98,5
INVSTK-P0080-WH-DEL,2026-08-31,P0080,WH-DEL,3,88,62,16,45,196561.79,6
INVSTK-P0080-WH-KOL,2026-08-31,P0080,WH-KOL,81,48,23,4,110,480484.38,3
INVSTK-P0081-WH-BLR,2026-08-31,P0081,WH-BLR,80,143,68,16,171,4576534.37,4
INVSTK-P0081-WH-HYD,2026-08-31,P0081,WH-HYD,134,69,75,8,136,3639816.81,6
INVSTK-P0081-WH-MUM,2026-08-31,P0081,WH-MUM,182,40,198,1,25,669083.97,4
INVSTK-P0081-WH-DEL,2026-08-31,P0081,WH-DEL,219,47,78,10,198,5299145.06,7
INVSTK-P0081-WH-KOL,2026-08-31,P0081,WH-KOL,162,149,119,5,197,5272381.7,7
INVSTK-P0082-WH-CHE,2026-08-31,P0082,WH-CHE,211,22,27,20,226,3708074.78,8
INVSTK-P0082-WH-MUM,2026-08-31,P0082,WH-MUM,170,151,56,17,282,4626889.77,0
INVSTK-P0082-WH-DEL,2026-08-31,P0082,WH-DEL,117,70,54,16,149,2444704.17,5
INVSTK-P0082-WH-KOL,2026-08-31,P0082,WH-KOL,196,165,117,5,249,4085445.22,0
INVSTK-P0083-WH-BLR,2026-08-31,P0083,WH-BLR,59,34,21,13,85,2688575.1,5
INVSTK-P0083-WH-CHE,2026-08-31,P0083,WH-CHE,224,31,210,10,55,1739666.24,5
INVSTK-P0083-WH-HYD,2026-08-31,P0083,WH-HYD,109,163,217,14,69,2182490.37,3
INVSTK-P0083-WH-MUM,2026-08-31,P0083,WH-MUM,189,48,112,12,137,4333350.45,1
INVSTK-P0083-WH-DEL,2026-08-31,P0083,WH-DEL,12,116,35,14,107,3384441.59,7
INVSTK-P0083-WH-KOL,2026-08-31,P0083,WH-KOL,168,142,183,15,142,4491501.93,6
INVSTK-P0084-WH-BLR,2026-08-31,P0084,WH-BLR,161,84,164,19,100,2722545.55,7
INVSTK-P0084-WH-CHE,2026-08-31,P0084,WH-CHE,60,38,74,13,37,1007341.86,0
INVSTK-P0084-WH-HYD,2026-08-31,P0084,WH-HYD,94,169,121,1,143,3893240.14,5
INVSTK-P0084-WH-DEL,2026-08-31,P0084,WH-DEL,153,35,84,0,104,2831447.38,5
INVSTK-P0084-WH-KOL,2026-08-31,P0084,WH-KOL,130,169,196,6,109,2967574.65,6
INVSTK-P0085-WH-BLR,2026-08-31,P0085,WH-BLR,182,133,43,10,282,4367404.55,1
INVSTK-P0085-WH-HYD,2026-08-31,P0085,WH-HYD,235,166,209,11,203,3143911.78,5
INVSTK-P0085-WH-MUM,2026-08-31,P0085,WH-MUM,166,37,96,14,121,1873957.27,4
INVSTK-P0085-WH-DEL,2026-08-31,P0085,WH-DEL,111,145,174,7,89,1378365.26,4
INVSTK-P0085-WH-KOL,2026-08-31,P0085,WH-KOL,77,48,45,4,84,1300929.01,2
INVSTK-P0086-WH-BLR,2026-08-31,P0086,WH-BLR,141,49,114,5,81,1399919.63,1
INVSTK-P0086-WH-CHE,2026-08-31,P0086,WH-CHE,237,50,2,5,290,5012057.94,7
INVSTK-P0086-WH-HYD,2026-08-31,P0086,WH-HYD,53,47,32,0,68,1175241.17,4
INVSTK-P0086-WH-MUM,2026-08-31,P0086,WH-MUM,77,140,73,0,144,2488746.01,0
INVSTK-P0086-WH-KOL,2026-08-31,P0086,WH-KOL,73,70,100,5,48,829582,2
INVSTK-P0087-WH-BLR,2026-08-31,P0087,WH-BLR,127,154,215,4,70,267819.3,8
INVSTK-P0087-WH-CHE,2026-08-31,P0087,WH-CHE,18,126,39,15,120,459118.79,2
INVSTK-P0087-WH-HYD,2026-08-31,P0087,WH-HYD,70,62,50,8,90,344339.1,7
INVSTK-P0087-WH-DEL,2026-08-31,P0087,WH-DEL,221,136,202,8,163,623636.36,4
INVSTK-P0087-WH-KOL,2026-08-31,P0087,WH-KOL,61,125,98,4,92,351991.08,8
INVSTK-P0088-WH-BLR,2026-08-31,P0088,WH-BLR,209,38,86,11,172,3448341.7,4
INVSTK-P0088-WH-CHE,2026-08-31,P0088,WH-CHE,204,142,73,17,290,5814064.49,2
INVSTK-P0088-WH-HYD,2026-08-31,P0088,WH-HYD,191,127,89,18,247,4951979.07,6
INVSTK-P0088-WH-MUM,2026-08-31,P0088,WH-MUM,93,94,152,17,52,1042521.91,7
INVSTK-P0088-WH-DEL,2026-08-31,P0088,WH-DEL,111,161,191,18,99,1984801.33,4
INVSTK-P0088-WH-KOL,2026-08-31,P0088,WH-KOL,244,27,60,0,211,4230233.13,0
INVSTK-P0089-WH-BLR,2026-08-31,P0089,WH-BLR,129,174,203,14,114,2559857.94,1
INVSTK-P0089-WH-CHE,2026-08-31,P0089,WH-CHE,13,108,37,7,91,2043395.37,5
INVSTK-P0089-WH-HYD,2026-08-31,P0089,WH-HYD,196,155,165,3,189,4243975,6
INVSTK-P0089-WH-MUM,2026-08-31,P0089,WH-MUM,144,54,195,3,6,134729.37,8
INVSTK-P0089-WH-DEL,2026-08-31,P0089,WH-DEL,47,171,217,8,9,202094.05,4
INVSTK-P0089-WH-KOL,2026-08-31,P0089,WH-KOL,213,98,172,9,148,3323324.34,5
INVSTK-P0090-WH-BLR,2026-08-31,P0090,WH-BLR,216,102,179,12,151,1755299.61,5
INVSTK-P0090-WH-CHE,2026-08-31,P0090,WH-CHE,102,178,106,0,174,2022663.13,2
INVSTK-P0090-WH-HYD,2026-08-31,P0090,WH-HYD,170,7,126,13,64,743968.05,2
INVSTK-P0090-WH-MUM,2026-08-31,P0090,WH-MUM,71,80,20,7,138,1604181.1,0
INVSTK-P0090-WH-DEL,2026-08-31,P0090,WH-DEL,148,104,28,4,228,2650386.16,7
INVSTK-P0090-WH-KOL,2026-08-31,P0090,WH-KOL,187,57,74,16,186,2162157.13,5
INVSTK-P0091-WH-BLR,2026-08-31,P0091,WH-BLR,211,123,206,19,147,2088646.09,4
INVSTK-P0091-WH-CHE,2026-08-31,P0091,WH-CHE,159,76,19,17,233,3310575.09,4
INVSTK-P0091-WH-HYD,2026-08-31,P0091,WH-HYD,176,76,42,13,223,3168490.32,5
INVSTK-P0091-WH-MUM,2026-08-31,P0091,WH-MUM,173,70,148,20,115,1633974.83,5
INVSTK-P0091-WH-DEL,2026-08-31,P0091,WH-DEL,57,112,10,11,170,2415441.05,7
INVSTK-P0091-WH-KOL,2026-08-31,P0091,WH-KOL,224,89,69,19,263,3736829.39,4
INVSTK-P0092-WH-CHE,2026-08-31,P0092,WH-CHE,69,152,31,10,200,6680187.69,0
INVSTK-P0092-WH-HYD,2026-08-31,P0092,WH-HYD,44,36,40,19,59,1970655.37,5
INVSTK-P0092-WH-DEL,2026-08-31,P0092,WH-DEL,152,112,96,16,184,6145772.68,1
INVSTK-P0093-WH-BLR,2026-08-31,P0093,WH-BLR,1,178,133,19,65,763774.52,1
INVSTK-P0093-WH-CHE,2026-08-31,P0093,WH-CHE,79,152,15,16,232,2726087.51,7
INVSTK-P0093-WH-HYD,2026-08-31,P0093,WH-HYD,108,154,144,3,121,1421795.64,5
INVSTK-P0093-WH-MUM,2026-08-31,P0093,WH-MUM,119,71,141,0,49,575768.48,0
INVSTK-P0093-WH-DEL,2026-08-31,P0093,WH-DEL,77,129,171,13,48,564018.1,0
INVSTK-P0093-WH-KOL,2026-08-31,P0093,WH-KOL,134,169,3,4,304,3572114.66,6
INVSTK-P0094-WH-BLR,2026-08-31,P0094,WH-BLR,209,127,186,16,166,4960838.9,2
INVSTK-P0094-WH-MUM,2026-08-31,P0094,WH-MUM,231,154,115,16,286,8546987.5,4
INVSTK-P0094-WH-DEL,2026-08-31,P0094,WH-DEL,117,82,43,5,161,4811416.04,8
INVSTK-P0094-WH-KOL,2026-08-31,P0094,WH-KOL,202,16,94,10,134,4004532.61,1
INVSTK-P0095-WH-BLR,2026-08-31,P0095,WH-BLR,80,103,47,20,156,232731.98,4
INVSTK-P0095-WH-CHE,2026-08-31,P0095,WH-CHE,157,157,59,15,270,402805.35,2
INVSTK-P0095-WH-HYD,2026-08-31,P0095,WH-HYD,151,153,80,4,228,340146.74,0
INVSTK-P0095-WH-MUM,2026-08-31,P0095,WH-MUM,69,52,8,3,116,173057.11,6
INVSTK-P0095-WH-DEL,2026-08-31,P0095,WH-DEL,14,73,35,13,65,96971.66,3
INVSTK-P0095-WH-KOL,2026-08-31,P0095,WH-KOL,191,126,94,19,242,361032.94,7
INVSTK-P0096-WH-BLR,2026-08-31,P0096,WH-BLR,176,46,146,16,92,2221508.29,4
INVSTK-P0096-WH-CHE,2026-08-31,P0096,WH-CHE,99,160,132,11,138,3332262.44,8
INVSTK-P0096-WH-HYD,2026-08-31,P0096,WH-HYD,206,87,117,13,189,4563750.73,0
INVSTK-P0096-WH-DEL,2026-08-31,P0096,WH-DEL,93,152,195,18,68,1641984.39,7
INVSTK-P0097-WH-BLR,2026-08-31,P0097,WH-BLR,209,145,172,2,184,1261333.62,8
INVSTK-P0097-WH-CHE,2026-08-31,P0097,WH-CHE,135,160,166,3,132,904869.77,4
INVSTK-P0097-WH-HYD,2026-08-31,P0097,WH-HYD,10,88,71,16,43,294768.18,4
INVSTK-P0097-WH-MUM,2026-08-31,P0097,WH-MUM,105,91,44,18,170,1165362.59,1
INVSTK-P0097-WH-DEL,2026-08-31,P0097,WH-DEL,179,136,149,6,172,1179072.73,5
INVSTK-P0097-WH-KOL,2026-08-31,P0097,WH-KOL,133,13,93,17,70,479855.18,3
INVSTK-P0098-WH-BLR,2026-08-31,P0098,WH-BLR,12,113,98,17,44,1221912.66,2
INVSTK-P0098-WH-CHE,2026-08-31,P0098,WH-CHE,173,0,81,8,100,2777074.23,2
INVSTK-P0098-WH-HYD,2026-08-31,P0098,WH-HYD,102,6,36,8,80,2221659.39,4
INVSTK-P0098-WH-MUM,2026-08-31,P0098,WH-MUM,32,180,30,2,184,5109816.59,7
INVSTK-P0098-WH-DEL,2026-08-31,P0098,WH-DEL,183,58,192,16,65,1805098.25,4
INVSTK-P0098-WH-KOL,2026-08-31,P0098,WH-KOL,157,98,39,14,230,6387270.73,4
INVSTK-P0099-WH-BLR,2026-08-31,P0099,WH-BLR,63,176,105,17,151,1805093.94,4
INVSTK-P0099-WH-CHE,2026-08-31,P0099,WH-CHE,138,93,8,14,237,2833160.68,0
INVSTK-P0099-WH-MUM,2026-08-31,P0099,WH-MUM,204,44,58,10,200,2390852.9,5
INVSTK-P0099-WH-DEL,2026-08-31,P0099,WH-DEL,190,6,70,9,135,1613825.71,0
INVSTK-P0099-WH-KOL,2026-08-31,P0099,WH-KOL,95,127,184,3,41,490124.84,0
INVSTK-P0100-WH-BLR,2026-08-31,P0100,WH-BLR,211,169,110,4,274,7746466.97,0
INVSTK-P0100-WH-CHE,2026-08-31,P0100,WH-CHE,130,165,8,4,291,8227087.18,0
INVSTK-P0100-WH-HYD,2026-08-31,P0100,WH-HYD,29,166,26,1,170,4806202.13,4
INVSTK-P0100-WH-DEL,2026-08-31,P0100,WH-DEL,232,105,176,1,162,4580027.92,4
INVSTK-P0100-WH-KOL,2026-08-31,P0100,WH-KOL,152,167,100,0,219,6191519.22,2
INVSTK-P0101-WH-BLR,2026-08-31,P0101,WH-BLR,164,41,80,1,126,2561274.88,2
INVSTK-P0101-WH-CHE,2026-08-31,P0101,WH-CHE,243,175,7,3,414,8415617.48,1
INVSTK-P0101-WH-HYD,2026-08-31,P0101,WH-HYD,157,138,128,10,177,3597981.38,5
INVSTK-P0101-WH-MUM,2026-08-31,P0101,WH-MUM,41,101,21,15,136,2764550.67,2
INVSTK-P0101-WH-DEL,2026-08-31,P0101,WH-DEL,132,177,34,15,290,5894997.75,0
INVSTK-P0101-WH-KOL,2026-08-31,P0101,WH-KOL,32,96,30,4,102,2073413,5
INVSTK-P0102-WH-CHE,2026-08-31,P0102,WH-CHE,227,103,1,8,337,5579419.48,0
INVSTK-P0102-WH-HYD,2026-08-31,P0102,WH-HYD,46,115,28,17,150,2483421.13,3
INVSTK-P0102-WH-MUM,2026-08-31,P0102,WH-MUM,199,3,202,3,3,49668.42,0
INVSTK-P0102-WH-KOL,2026-08-31,P0102,WH-KOL,37,87,66,1,59,976812.31,0
INVSTK-P0103-WH-BLR,2026-08-31,P0103,WH-BLR,190,54,93,3,154,3416833.66,8
INVSTK-P0103-WH-CHE,2026-08-31,P0103,WH-CHE,130,164,199,19,114,2529344.4,3
INVSTK-P0103-WH-HYD,2026-08-31,P0103,WH-HYD,70,80,126,12,36,798740.34,4
INVSTK-P0103-WH-MUM,2026-08-31,P0103,WH-MUM,144,76,113,16,123,2729029.48,7
INVSTK-P0103-WH-DEL,2026-08-31,P0103,WH-DEL,158,39,98,18,117,2595906.09,1
INVSTK-P0104-WH-BLR,2026-08-31,P0104,WH-BLR,177,170,66,12,293,688796.6,6
INVSTK-P0104-WH-CHE,2026-08-31,P0104,WH-CHE,100,171,160,6,117,275048.47,2
INVSTK-P0104-WH-HYD,2026-08-31,P0104,WH-HYD,111,110,57,2,166,390239.71,8
INVSTK-P0104-WH-MUM,2026-08-31,P0104,WH-MUM,138,34,152,14,34,79928.62,8
INVSTK-P0104-WH-DEL,2026-08-31,P0104,WH-DEL,210,164,220,14,168,394941.39,6
INVSTK-P0104-WH-KOL,2026-08-31,P0104,WH-KOL,139,178,211,4,110,258592.58,4
INVSTK-P0105-WH-BLR,2026-08-31,P0105,WH-BLR,94,133,163,9,73,169453.49,8
INVSTK-P0105-WH-CHE,2026-08-31,P0105,WH-CHE,215,81,22,12,286,663886.28,6
INVSTK-P0105-WH-HYD,2026-08-31,P0105,WH-HYD,227,46,109,7,171,396939,5
INVSTK-P0105-WH-MUM,2026-08-31,P0105,WH-MUM,112,82,75,16,135,313372.89,4
INVSTK-P0105-WH-DEL,2026-08-31,P0105,WH-DEL,84,44,76,0,52,120706.6,5
INVSTK-P0105-WH-KOL,2026-08-31,P0105,WH-KOL,68,28,105,17,8,18570.25,3
INVSTK-P0106-WH-BLR,2026-08-31,P0106,WH-BLR,197,51,30,8,226,7719654.22,2
INVSTK-P0106-WH-CHE,2026-08-31,P0106,WH-CHE,29,171,183,9,26,888101.81,7
INVSTK-P0106-WH-HYD,2026-08-31,P0106,WH-HYD,45,167,60,16,168,5738504.02,0
INVSTK-P0106-WH-MUM,2026-08-31,P0106,WH-MUM,221,48,40,14,243,8300336.18,0
INVSTK-P0106-WH-DEL,2026-08-31,P0106,WH-DEL,237,83,85,9,244,8334493.94,4
INVSTK-P0107-WH-BLR,2026-08-31,P0107,WH-BLR,231,44,64,7,218,1345028.17,2
INVSTK-P0107-WH-MUM,2026-08-31,P0107,WH-MUM,166,38,98,13,119,734212.62,1
INVSTK-P0107-WH-DEL,2026-08-31,P0107,WH-DEL,173,62,97,20,158,974836.93,7
INVSTK-P0107-WH-KOL,2026-08-31,P0107,WH-KOL,106,49,78,20,97,598475.84,8
INVSTK-P0108-WH-CHE,2026-08-31,P0108,WH-CHE,155,80,131,0,104,1354398.84,3
INVSTK-P0108-WH-HYD,2026-08-31,P0108,WH-HYD,178,175,24,4,333,4336680.89,0
INVSTK-P0108-WH-DEL,2026-08-31,P0108,WH-DEL,188,154,101,16,257,3346927.89,5
INVSTK-P0108-WH-KOL,2026-08-31,P0108,WH-KOL,94,145,207,12,44,573014.89,5
INVSTK-P0109-WH-BLR,2026-08-31,P0109,WH-BLR,161,40,19,2,184,5098990.35,7
INVSTK-P0109-WH-CHE,2026-08-31,P0109,WH-CHE,236,125,184,17,194,5376109.39,0
INVSTK-P0109-WH-MUM,2026-08-31,P0109,WH-MUM,81,144,54,19,190,5265261.77,0
INVSTK-P0109-WH-DEL,2026-08-31,P0109,WH-DEL,205,62,13,12,266,7371366.48,4
INVSTK-P0109-WH-KOL,2026-08-31,P0109,WH-KOL,205,31,96,15,155,4295345.13,0
INVSTK-P0110-WH-BLR,2026-08-31,P0110,WH-BLR,42,21,77,18,4,1365.89,2
INVSTK-P0110-WH-CHE,2026-08-31,P0110,WH-CHE,205,160,194,19,190,64879.93,0
INVSTK-P0110-WH-HYD,2026-08-31,P0110,WH-HYD,203,119,131,6,197,67270.24,4
INVSTK-P0110-WH-MUM,2026-08-31,P0110,WH-MUM,0,25,5,14,34,11610.09,7
INVSTK-P0110-WH-DEL,2026-08-31,P0110,WH-DEL,171,34,89,0,116,39610.9,2
INVSTK-P0111-WH-BLR,2026-08-31,P0111,WH-BLR,149,55,14,20,210,5104974.64,6
INVSTK-P0111-WH-CHE,2026-08-31,P0111,WH-CHE,176,0,130,8,54,1312707.76,3
INVSTK-P0111-WH-HYD,2026-08-31,P0111,WH-HYD,130,162,37,19,274,6660776.43,1
INVSTK-P0111-WH-MUM,2026-08-31,P0111,WH-MUM,62,95,48,18,127,3087294.19,4
INVSTK-P0111-WH-DEL,2026-08-31,P0111,WH-DEL,219,23,175,20,87,2114918.06,1
INVSTK-P0111-WH-KOL,2026-08-31,P0111,WH-KOL,131,123,36,14,232,5639781.5,4
INVSTK-P0112-WH-BLR,2026-08-31,P0112,WH-BLR,44,155,49,7,157,3522627.93,1
INVSTK-P0112-WH-CHE,2026-08-31,P0112,WH-CHE,119,88,110,2,99,2221274.93,3
INVSTK-P0112-WH-MUM,2026-08-31,P0112,WH-MUM,92,151,97,20,166,3724562.01,5
INVSTK-P0112-WH-DEL,2026-08-31,P0112,WH-DEL,160,92,77,19,194,4352801.39,1
INVSTK-P0112-WH-KOL,2026-08-31,P0112,WH-KOL,188,117,140,1,166,3724562.01,8
INVSTK-P0113-WH-BLR,2026-08-31,P0113,WH-BLR,141,87,87,15,156,223427.55,6
INVSTK-P0113-WH-CHE,2026-08-31,P0113,WH-CHE,60,67,31,13,109,156112.84,2
INVSTK-P0113-WH-HYD,2026-08-31,P0113,WH-HYD,95,57,28,13,137,196215.22,4
INVSTK-P0113-WH-MUM,2026-08-31,P0113,WH-MUM,7,165,44,6,134,191918.54,7
INVSTK-P0113-WH-DEL,2026-08-31,P0113,WH-DEL,59,146,55,1,151,216266.41,4
INVSTK-P0113-WH-KOL,2026-08-31,P0113,WH-KOL,94,177,118,8,161,230588.69,1
INVSTK-P0114-WH-BLR,2026-08-31,P0114,WH-BLR,172,32,157,17,64,784200.47,6
INVSTK-P0114-WH-CHE,2026-08-31,P0114,WH-CHE,5,169,180,7,1,12253.13,7
INVSTK-P0114-WH-HYD,2026-08-31,P0114,WH-HYD,122,144,193,0,73,894478.67,5
INVSTK-P0114-WH-MUM,2026-08-31,P0114,WH-MUM,66,39,81,7,31,379847.1,1
INVSTK-P0114-WH-DEL,2026-08-31,P0114,WH-DEL,121,162,6,4,281,3443130.21,7
INVSTK-P0114-WH-KOL,2026-08-31,P0114,WH-KOL,118,124,44,3,201,2462879.61,7
INVSTK-P0115-WH-BLR,2026-08-31,P0115,WH-BLR,170,131,143,20,178,3864017.3,7
INVSTK-P0115-WH-CHE,2026-08-31,P0115,WH-CHE,185,39,138,14,100,2170796.24,8
INVSTK-P0115-WH-HYD,2026-08-31,P0115,WH-HYD,243,39,196,12,98,2127380.31,5
INVSTK-P0115-WH-DEL,2026-08-31,P0115,WH-DEL,20,43,53,11,21,455867.21,4
INVSTK-P0115-WH-KOL,2026-08-31,P0115,WH-KOL,131,59,111,13,92,1997132.54,2
INVSTK-P0116-WH-CHE,2026-08-31,P0116,WH-CHE,28,140,53,4,119,2750962.42,3
INVSTK-P0116-WH-HYD,2026-08-31,P0116,WH-HYD,150,84,50,0,184,4253588.96,2
INVSTK-P0116-WH-MUM,2026-08-31,P0116,WH-MUM,18,87,86,18,37,855341.26,5
INVSTK-P0116-WH-DEL,2026-08-31,P0116,WH-DEL,47,39,54,18,50,1155866.56,3
INVSTK-P0116-WH-KOL,2026-08-31,P0116,WH-KOL,240,27,86,19,200,4623466.26,1
INVSTK-P0117-WH-BLR,2026-08-31,P0117,WH-BLR,246,8,91,2,165,2883097.39,8
INVSTK-P0117-WH-CHE,2026-08-31,P0117,WH-CHE,186,85,10,20,281,4910002.23,7
INVSTK-P0117-WH-HYD,2026-08-31,P0117,WH-HYD,246,145,123,4,272,4752742.37,2
INVSTK-P0117-WH-MUM,2026-08-31,P0117,WH-MUM,130,25,12,17,160,2795730.81,1
INVSTK-P0117-WH-DEL,2026-08-31,P0117,WH-DEL,142,177,129,14,204,3564556.78,0
INVSTK-P0117-WH-KOL,2026-08-31,P0117,WH-KOL,227,132,153,17,223,3896549.81,5
INVSTK-P0118-WH-BLR,2026-08-31,P0118,WH-BLR,12,10,12,7,17,259782.9,8
INVSTK-P0118-WH-CHE,2026-08-31,P0118,WH-CHE,140,161,156,3,148,2261639.34,1
INVSTK-P0118-WH-HYD,2026-08-31,P0118,WH-HYD,190,56,32,1,215,3285489.58,3
INVSTK-P0118-WH-KOL,2026-08-31,P0118,WH-KOL,220,18,43,12,207,3163238.8,0
INVSTK-P0119-WH-CHE,2026-08-31,P0119,WH-CHE,236,120,154,7,209,407484.27,4
INVSTK-P0119-WH-HYD,2026-08-31,P0119,WH-HYD,214,74,202,13,99,193018.86,6
INVSTK-P0119-WH-MUM,2026-08-31,P0119,WH-MUM,155,0,163,18,10,19496.85,1
INVSTK-P0119-WH-KOL,2026-08-31,P0119,WH-KOL,113,148,187,20,94,183270.44,8
INVSTK-P0120-WH-BLR,2026-08-31,P0120,WH-BLR,236,15,69,8,190,492400.07,6
INVSTK-P0120-WH-HYD,2026-08-31,P0120,WH-HYD,225,154,64,18,333,862995.91,2
INVSTK-P0120-WH-DEL,2026-08-31,P0120,WH-DEL,45,124,53,1,117,303214.78,4
INVSTK-P0120-WH-KOL,2026-08-31,P0120,WH-KOL,218,147,192,18,191,494991.65,7
INVSTK-P0121-WH-BLR,2026-08-31,P0121,WH-BLR,135,8,84,10,69,486618.96,0
INVSTK-P0121-WH-CHE,2026-08-31,P0121,WH-CHE,27,76,71,7,39,275045.5,0
INVSTK-P0121-WH-HYD,2026-08-31,P0121,WH-HYD,25,26,17,20,54,380832.23,6
INVSTK-P0121-WH-DEL,2026-08-31,P0121,WH-DEL,35,175,18,1,193,1361122.59,7
INVSTK-P0121-WH-KOL,2026-08-31,P0121,WH-KOL,80,62,82,6,66,465461.61,5
INVSTK-P0122-WH-BLR,2026-08-31,P0122,WH-BLR,194,173,75,5,297,1051521.67,3
INVSTK-P0122-WH-CHE,2026-08-31,P0122,WH-CHE,109,94,171,6,38,134538.13,7
INVSTK-P0122-WH-HYD,2026-08-31,P0122,WH-HYD,89,95,136,8,56,198266.71,1
INVSTK-P0122-WH-MUM,2026-08-31,P0122,WH-MUM,32,162,140,5,59,208888.14,6
INVSTK-P0122-WH-DEL,2026-08-31,P0122,WH-DEL,202,79,46,9,244,863876.38,1
INVSTK-P0122-WH-KOL,2026-08-31,P0122,WH-KOL,68,132,85,19,134,474423.92,6
INVSTK-P0123-WH-BLR,2026-08-31,P0123,WH-BLR,29,129,157,9,10,205280.18,6
INVSTK-P0123-WH-CHE,2026-08-31,P0123,WH-CHE,82,167,202,17,64,1313793.15,5
INVSTK-P0123-WH-HYD,2026-08-31,P0123,WH-HYD,65,112,57,19,139,2853394.49,8
INVSTK-P0123-WH-MUM,2026-08-31,P0123,WH-MUM,239,145,61,20,343,7041110.16,0
INVSTK-P0123-WH-DEL,2026-08-31,P0123,WH-DEL,21,109,30,5,105,2155441.88,7
INVSTK-P0123-WH-KOL,2026-08-31,P0123,WH-KOL,238,155,36,9,366,7513254.57,2
INVSTK-P0124-WH-BLR,2026-08-31,P0124,WH-BLR,96,33,131,2,0,0,1
INVSTK-P0124-WH-CHE,2026-08-31,P0124,WH-CHE,211,82,213,0,80,506460.76,7
INVSTK-P0124-WH-HYD,2026-08-31,P0124,WH-HYD,30,107,136,18,19,120284.43,2
INVSTK-P0124-WH-MUM,2026-08-31,P0124,WH-MUM,245,52,37,3,263,1664989.75,7
INVSTK-P0124-WH-KOL,2026-08-31,P0124,WH-KOL,250,81,53,1,279,1766281.9,1
INVSTK-P0125-WH-BLR,2026-08-31,P0125,WH-BLR,242,80,199,15,138,1633352.8,0
INVSTK-P0125-WH-CHE,2026-08-31,P0125,WH-CHE,84,90,114,1,61,721989.28,1
INVSTK-P0125-WH-MUM,2026-08-31,P0125,WH-MUM,196,113,213,12,108,1278276.1,7
INVSTK-P0125-WH-DEL,2026-08-31,P0125,WH-DEL,167,158,168,18,175,2071280.72,1
INVSTK-P0125-WH-KOL,2026-08-31,P0125,WH-KOL,171,130,32,8,277,3278541.49,4
INVSTK-P0126-WH-BLR,2026-08-31,P0126,WH-BLR,2,71,36,17,54,1610582.38,3
INVSTK-P0126-WH-CHE,2026-08-31,P0126,WH-CHE,32,64,43,0,53,1580756.78,0
INVSTK-P0126-WH-HYD,2026-08-31,P0126,WH-HYD,154,84,68,2,172,5130003.14,0
INVSTK-P0126-WH-MUM,2026-08-31,P0126,WH-MUM,237,130,205,9,171,5100177.54,2
INVSTK-P0126-WH-DEL,2026-08-31,P0126,WH-DEL,200,153,119,19,253,7545876.72,6
INVSTK-P0126-WH-KOL,2026-08-31,P0126,WH-KOL,121,100,75,4,150,4473839.95,6
INVSTK-P0127-WH-CHE,2026-08-31,P0127,WH-CHE,51,40,91,13,13,72654.01,2
INVSTK-P0127-WH-MUM,2026-08-31,P0127,WH-MUM,21,176,79,0,118,659474.83,5
INVSTK-P0127-WH-DEL,2026-08-31,P0127,WH-DEL,94,25,111,4,12,67065.24,7
INVSTK-P0127-WH-KOL,2026-08-31,P0127,WH-KOL,119,38,156,2,3,16766.31,6
INVSTK-P0128-WH-BLR,2026-08-31,P0128,WH-BLR,31,172,195,13,21,65860.72,3
INVSTK-P0128-WH-CHE,2026-08-31,P0128,WH-CHE,238,71,147,13,175,548839.32,1
INVSTK-P0128-WH-HYD,2026-08-31,P0128,WH-HYD,117,79,101,8,103,323031.15,8
INVSTK-P0128-WH-MUM,2026-08-31,P0128,WH-MUM,115,160,182,16,109,341848.49,2
INVSTK-P0128-WH-KOL,2026-08-31,P0128,WH-KOL,186,38,15,15,224,702514.34,5
INVSTK-P0129-WH-BLR,2026-08-31,P0129,WH-BLR,120,4,68,20,76,749168.5,6
INVSTK-P0129-WH-CHE,2026-08-31,P0129,WH-CHE,70,136,173,6,39,384441.73,7
INVSTK-P0129-WH-HYD,2026-08-31,P0129,WH-HYD,20,81,53,1,49,483016.53,3
INVSTK-P0129-WH-MUM,2026-08-31,P0129,WH-MUM,124,106,48,3,185,1823633.84,7
INVSTK-P0129-WH-DEL,2026-08-31,P0129,WH-DEL,249,71,207,16,129,1271614.95,1
INVSTK-P0129-WH-KOL,2026-08-31,P0129,WH-KOL,250,104,117,8,245,2415082.66,3
INVSTK-P0130-WH-BLR,2026-08-31,P0130,WH-BLR,26,37,31,17,49,996258.69,2
INVSTK-P0130-WH-CHE,2026-08-31,P0130,WH-CHE,117,38,89,18,84,1707872.04,6
INVSTK-P0130-WH-HYD,2026-08-31,P0130,WH-HYD,116,57,75,15,113,2297494.53,5
INVSTK-P0130-WH-MUM,2026-08-31,P0130,WH-MUM,222,48,165,3,108,2195835.48,7
INVSTK-P0130-WH-DEL,2026-08-31,P0130,WH-DEL,204,143,75,2,274,5570915.94,6
INVSTK-P0130-WH-KOL,2026-08-31,P0130,WH-KOL,167,64,118,10,123,2500812.63,6
INVSTK-P0131-WH-BLR,2026-08-31,P0131,WH-BLR,5,155,27,10,143,4906161.17,7
INVSTK-P0131-WH-CHE,2026-08-31,P0131,WH-CHE,186,176,94,8,276,9469234.14,1
INVSTK-P0131-WH-HYD,2026-08-31,P0131,WH-HYD,95,116,157,13,67,2298690.9,1
INVSTK-P0131-WH-MUM,2026-08-31,P0131,WH-MUM,169,66,193,4,46,1578205.69,8
INVSTK-P0131-WH-DEL,2026-08-31,P0131,WH-DEL,239,46,59,8,234,8028263.73,2
INVSTK-P0131-WH-KOL,2026-08-31,P0131,WH-KOL,179,140,43,1,277,9503542.96,7
INVSTK-P0132-WH-BLR,2026-08-31,P0132,WH-BLR,134,128,108,4,158,2192074.15,2
INVSTK-P0132-WH-CHE,2026-08-31,P0132,WH-CHE,63,172,83,7,159,2205948.04,4
INVSTK-P0132-WH-HYD,2026-08-31,P0132,WH-HYD,185,45,38,3,195,2705407.97,3
INVSTK-P0132-WH-MUM,2026-08-31,P0132,WH-MUM,230,164,39,17,372,5161085.98,6
INVSTK-P0132-WH-DEL,2026-08-31,P0132,WH-DEL,236,137,126,18,265,3676580.07,7
INVSTK-P0132-WH-KOL,2026-08-31,P0132,WH-KOL,55,42,83,18,32,443964.39,8
INVSTK-P0133-WH-BLR,2026-08-31,P0133,WH-BLR,162,150,99,1,214,645901.72,3
INVSTK-P0133-WH-CHE,2026-08-31,P0133,WH-CHE,222,153,72,15,318,959797.89,5
INVSTK-P0133-WH-HYD,2026-08-31,P0133,WH-HYD,139,95,158,16,92,277677.38,3
INVSTK-P0133-WH-MUM,2026-08-31,P0133,WH-MUM,77,66,61,4,86,259567.98,8
INVSTK-P0133-WH-KOL,2026-08-31,P0133,WH-KOL,158,72,93,2,139,419534.3,7
INVSTK-P0134-WH-BLR,2026-08-31,P0134,WH-BLR,116,151,5,3,265,2765850.09,7
INVSTK-P0134-WH-HYD,2026-08-31,P0134,WH-HYD,149,67,144,10,82,855847.95,0
INVSTK-P0134-WH-DEL,2026-08-31,P0134,WH-DEL,236,61,110,0,187,1951750.82,7
INVSTK-P0134-WH-KOL,2026-08-31,P0134,WH-KOL,208,106,142,5,177,1847379.11,6
INVSTK-P0135-WH-BLR,2026-08-31,P0135,WH-BLR,58,113,72,0,99,570604.6,6
INVSTK-P0135-WH-CHE,2026-08-31,P0135,WH-CHE,128,83,145,13,79,455330.94,4
INVSTK-P0135-WH-MUM,2026-08-31,P0135,WH-MUM,84,123,37,9,179,1031699.23,8
INVSTK-P0135-WH-DEL,2026-08-31,P0135,WH-DEL,156,84,97,12,155,893370.84,5
INVSTK-P0135-WH-KOL,2026-08-31,P0135,WH-KOL,245,71,108,9,217,1250719.18,3
INVSTK-P0136-WH-BLR,2026-08-31,P0136,WH-BLR,152,130,144,18,156,4218490.39,7
INVSTK-P0136-WH-CHE,2026-08-31,P0136,WH-CHE,175,153,55,0,273,7382358.18,7
INVSTK-P0136-WH-HYD,2026-08-31,P0136,WH-HYD,236,1,0,8,245,6625193.24,6
INVSTK-P0136-WH-MUM,2026-08-31,P0136,WH-MUM,104,106,15,11,206,5570570.64,2
INVSTK-P0136-WH-DEL,2026-08-31,P0136,WH-DEL,34,179,105,3,111,3001618.16,2
INVSTK-P0136-WH-KOL,2026-08-31,P0136,WH-KOL,207,76,124,3,162,4380740.02,3
INVSTK-P0137-WH-BLR,2026-08-31,P0137,WH-BLR,225,5,84,5,151,3725487.7,0
INVSTK-P0137-WH-HYD,2026-08-31,P0137,WH-HYD,158,165,20,14,317,7821056.95,0
INVSTK-P0137-WH-MUM,2026-08-31,P0137,WH-MUM,101,110,144,7,74,1825735.69,5
INVSTK-P0137-WH-DEL,2026-08-31,P0137,WH-DEL,75,130,155,3,53,1307621.51,0
INVSTK-P0137-WH-KOL,2026-08-31,P0137,WH-KOL,221,41,201,2,63,1554342.55,1
INVSTK-P0138-WH-CHE,2026-08-31,P0138,WH-CHE,80,136,26,12,202,3764977.2,7
INVSTK-P0138-WH-HYD,2026-08-31,P0138,WH-HYD,230,49,133,6,152,2833052.15,3
INVSTK-P0138-WH-MUM,2026-08-31,P0138,WH-MUM,153,176,149,14,194,3615869.19,0
INVSTK-P0138-WH-DEL,2026-08-31,P0138,WH-DEL,214,74,157,16,147,2739859.65,3
INVSTK-P0139-WH-BLR,2026-08-31,P0139,WH-BLR,121,120,12,6,235,6540383.44,6
INVSTK-P0139-WH-CHE,2026-08-31,P0139,WH-CHE,17,149,56,4,114,3172781.76,8
INVSTK-P0139-WH-HYD,2026-08-31,P0139,WH-HYD,129,164,186,15,122,3395433.11,5
INVSTK-P0139-WH-MUM,2026-08-31,P0139,WH-MUM,225,35,81,14,193,5371463.85,6
INVSTK-P0139-WH-DEL,2026-08-31,P0139,WH-DEL,222,139,208,15,168,4675678.38,5
INVSTK-P0139-WH-KOL,2026-08-31,P0139,WH-KOL,238,168,46,12,372,10353287.84,4
INVSTK-P0140-WH-BLR,2026-08-31,P0140,WH-BLR,63,112,152,15,38,686812.32,7
INVSTK-P0140-WH-CHE,2026-08-31,P0140,WH-CHE,187,86,35,10,248,4482354.09,4
INVSTK-P0140-WH-MUM,2026-08-31,P0140,WH-MUM,106,134,68,19,191,3452135.61,5
INVSTK-P0140-WH-DEL,2026-08-31,P0140,WH-DEL,145,142,43,12,256,4626946.16,3
INVSTK-P0140-WH-KOL,2026-08-31,P0140,WH-KOL,235,79,177,18,155,2801471.31,4
INVSTK-P0141-WH-BLR,2026-08-31,P0141,WH-BLR,167,80,208,19,58,948387.48,0
INVSTK-P0141-WH-CHE,2026-08-31,P0141,WH-CHE,83,178,54,14,221,3613683.33,5
INVSTK-P0141-WH-HYD,2026-08-31,P0141,WH-HYD,201,164,172,20,213,3482871.26,4
INVSTK-P0141-WH-MUM,2026-08-31,P0141,WH-MUM,144,155,14,8,293,4790991.93,5
INVSTK-P0141-WH-DEL,2026-08-31,P0141,WH-DEL,180,30,195,2,17,277975.64,4
INVSTK-P0141-WH-KOL,2026-08-31,P0141,WH-KOL,28,2,20,0,10,163515.08,8
INVSTK-P0142-WH-BLR,2026-08-31,P0142,WH-BLR,157,136,118,20,195,3837453.03,2
INVSTK-P0142-WH-CHE,2026-08-31,P0142,WH-CHE,96,146,174,0,68,1338188.75,5
INVSTK-P0142-WH-HYD,2026-08-31,P0142,WH-HYD,228,158,201,9,194,3817773.78,7
INVSTK-P0142-WH-DEL,2026-08-31,P0142,WH-DEL,222,96,211,12,119,2341830.31,6
INVSTK-P0142-WH-KOL,2026-08-31,P0142,WH-KOL,247,150,95,19,321,6317038.07,8
INVSTK-P0143-WH-BLR,2026-08-31,P0143,WH-BLR,18,166,135,6,55,1251715.27,7
INVSTK-P0143-WH-CHE,2026-08-31,P0143,WH-CHE,183,1,48,18,154,3504802.75,4
INVSTK-P0143-WH-HYD,2026-08-31,P0143,WH-HYD,126,56,180,3,5,113792.3,2
INVSTK-P0143-WH-MUM,2026-08-31,P0143,WH-MUM,192,160,84,8,276,6281334.8,7
INVSTK-P0143-WH-DEL,2026-08-31,P0143,WH-DEL,11,126,89,3,51,1160681.43,4
INVSTK-P0143-WH-KOL,2026-08-31,P0143,WH-KOL,144,160,204,15,115,2617222.83,6
INVSTK-P0144-WH-BLR,2026-08-31,P0144,WH-BLR,126,79,15,1,191,2157875.58,2
INVSTK-P0144-WH-CHE,2026-08-31,P0144,WH-CHE,136,103,124,8,123,1389626.68,1
INVSTK-P0144-WH-HYD,2026-08-31,P0144,WH-HYD,106,7,116,7,4,45191.11,1
INVSTK-P0144-WH-MUM,2026-08-31,P0144,WH-MUM,149,133,92,1,191,2157875.58,4
INVSTK-P0144-WH-DEL,2026-08-31,P0144,WH-DEL,229,121,136,17,231,2609786.7,2
INVSTK-P0144-WH-KOL,2026-08-31,P0144,WH-KOL,217,86,92,12,223,2519404.48,6
INVSTK-P0145-WH-CHE,2026-08-31,P0145,WH-CHE,194,76,12,16,274,638506.86,2
INVSTK-P0145-WH-HYD,2026-08-31,P0145,WH-HYD,142,171,115,4,202,470724.03,7
INVSTK-P0145-WH-MUM,2026-08-31,P0145,WH-MUM,163,74,9,12,240,559276.08,4
INVSTK-P0145-WH-DEL,2026-08-31,P0145,WH-DEL,127,11,136,16,18,41945.71,7
INVSTK-P0145-WH-KOL,2026-08-31,P0145,WH-KOL,8,65,74,18,17,39615.39,1
INVSTK-P0146-WH-BLR,2026-08-31,P0146,WH-BLR,165,104,170,0,99,2462991.9,7
INVSTK-P0146-WH-CHE,2026-08-31,P0146,WH-CHE,179,48,4,4,227,5647466.28,7
INVSTK-P0146-WH-HYD,2026-08-31,P0146,WH-HYD,178,92,164,17,123,3060080.85,7
INVSTK-P0146-WH-MUM,2026-08-31,P0146,WH-MUM,150,65,48,4,171,4254258.74,0
INVSTK-P0146-WH-DEL,2026-08-31,P0146,WH-DEL,91,11,7,1,96,2388355.78,4
INVSTK-P0146-WH-KOL,2026-08-31,P0146,WH-KOL,171,55,99,10,137,3408382.73,6
INVSTK-P0147-WH-CHE,2026-08-31,P0147,WH-CHE,71,88,67,5,97,2718002.75,2
INVSTK-P0147-WH-MUM,2026-08-31,P0147,WH-MUM,106,179,151,8,142,3978931.86,3
INVSTK-P0147-WH-DEL,2026-08-31,P0147,WH-DEL,198,76,113,4,165,4623406.74,6
INVSTK-P0147-WH-KOL,2026-08-31,P0147,WH-KOL,148,176,169,7,162,4539344.8,2
INVSTK-P0148-WH-BLR,2026-08-31,P0148,WH-BLR,238,26,84,4,184,2529449.05,5
INVSTK-P0148-WH-CHE,2026-08-31,P0148,WH-CHE,146,101,20,14,241,3313028.37,0
INVSTK-P0148-WH-HYD,2026-08-31,P0148,WH-HYD,241,130,134,11,248,3409257.41,4
INVSTK-P0148-WH-MUM,2026-08-31,P0148,WH-MUM,139,28,143,16,40,549880.23,2
INVSTK-P0148-WH-DEL,2026-08-31,P0148,WH-DEL,110,68,154,20,44,604868.25,0
INVSTK-P0148-WH-KOL,2026-08-31,P0148,WH-KOL,236,173,150,8,267,3670450.52,1
INVSTK-P0149-WH-BLR,2026-08-31,P0149,WH-BLR,179,46,94,9,140,3420791.36,7
INVSTK-P0149-WH-CHE,2026-08-31,P0149,WH-CHE,35,76,108,6,9,219908.02,3
INVSTK-P0149-WH-MUM,2026-08-31,P0149,WH-MUM,177,73,212,0,38,928500.51,4
INVSTK-P0149-WH-KOL,2026-08-31,P0149,WH-KOL,63,163,191,13,48,1172842.75,6
INVSTK-P0150-WH-BLR,2026-08-31,P0150,WH-BLR,107,75,126,1,57,1934509.45,5
INVSTK-P0150-WH-CHE,2026-08-31,P0150,WH-CHE,79,175,121,3,136,4615671.66,6
INVSTK-P0150-WH-MUM,2026-08-31,P0150,WH-MUM,152,92,123,1,122,4140528.99,7
INVSTK-P0150-WH-DEL,2026-08-31,P0150,WH-DEL,31,57,4,16,100,3393876.22,0
INVSTK-P0150-WH-KOL,2026-08-31,P0150,WH-KOL,225,39,168,20,116,3936896.42,8
